Date,USGG10YR Index
5/11/2005,4.202
5/12/2005,4.1703
5/13/2005,4.1173
5/16/2005,4.1269
5/17/2005,4.1134
5/18/2005,4.0884
5/19/2005,4.1115
5/20/2005,4.121
5/23/2005,4.0538
5/24/2005,4.0271
5/25/2005,4.0864
5/26/2005,4.0787
5/27/2005,4.0709
5/31/2005,3.981
6/1/2005,3.8844
6/2/2005,3.9032
6/3/2005,3.9732
6/6/2005,3.9522
6/7/2005,3.901
6/8/2005,3.9331
6/9/2005,3.9483
6/10/2005,4.0514
6/13/2005,4.0918
6/14/2005,4.1072
6/15/2005,4.0995
6/16/2005,4.0667
6/17/2005,4.0705
6/20/2005,4.1091
6/21/2005,4.0396
6/22/2005,3.94
6/23/2005,3.9514
6/24/2005,3.917
6/27/2005,3.9017
6/28/2005,3.9703
6/29/2005,3.9779
6/30/2005,3.913
7/1/2005,4.0489
7/5/2005,4.105
7/6/2005,4.0682
7/7/2005,4.0605
7/8/2005,4.0914
7/11/2005,4.0933
7/12/2005,4.142
7/13/2005,4.1556
7/14/2005,4.1732
7/15/2005,4.1635
7/18/2005,4.2204
7/19/2005,4.1792
7/20/2005,4.1576
7/21/2005,4.2757
7/22/2005,4.2185
7/25/2005,4.2442
7/26/2005,4.2245
7/27/2005,4.2541
7/28/2005,4.1891
7/29/2005,4.276
8/1/2005,4.3099
8/2/2005,4.3338
8/3/2005,4.292
8/4/2005,4.312
8/5/2005,4.3861
8/8/2005,4.4184
8/9/2005,4.3883
8/10/2005,4.3903
8/11/2005,4.3203
8/12/2005,4.2423
8/15/2005,4.281
8/16/2005,4.2056
8/17/2005,4.2674
8/18/2005,4.1978
8/19/2005,4.2054
8/22/2005,4.2073
8/23/2005,4.1784
8/24/2005,4.1649
8/25/2005,4.1553
8/26/2005,4.186
8/29/2005,4.1667
8/30/2005,4.0899
8/31/2005,4.0137
9/1/2005,4.0307
9/2/2005,4.0362
9/6/2005,4.0953
9/7/2005,4.1375
9/8/2005,4.1452
9/9/2005,4.1181
9/12/2005,4.1701
9/13/2005,4.1258
9/14/2005,4.1643
9/15/2005,4.2107
9/16/2005,4.271
9/19/2005,4.2457
9/20/2005,4.2418
9/21/2005,4.166
9/22/2005,4.1795
9/23/2005,4.2456
9/26/2005,4.2906
9/27/2005,4.2808
9/28/2005,4.2534
9/29/2005,4.2945
9/30/2005,4.324
10/3/2005,4.3833
10/4/2005,4.3674
10/5/2005,4.3398
10/6/2005,4.3873
10/7/2005,4.354
10/11/2005,4.3914
10/12/2005,4.4392
10/13/2005,4.4612
10/14/2005,4.4793
10/17/2005,4.4934
10/18/2005,4.4694
10/19/2005,4.4594
10/20/2005,4.4295
10/21/2005,4.3837
10/24/2005,4.4436
10/25/2005,4.5341
10/26/2005,4.5827
10/27/2005,4.5463
10/28/2005,4.5648
10/31/2005,4.5506
11/1/2005,4.5629
11/2/2005,4.6036
11/3/2005,4.6465
11/4/2005,4.659
11/7/2005,4.6223
11/8/2005,4.5512
11/9/2005,4.6388
11/10/2005,4.5535
11/14/2005,4.6043
11/15/2005,4.5569
11/16/2005,4.4706
11/17/2005,4.4569
11/18/2005,4.4881
11/21/2005,4.4588
11/22/2005,4.4256
11/23/2005,4.47
11/25/2005,4.4274
11/28/2005,4.404
11/29/2005,4.4743
11/30/2005,4.484
12/1/2005,4.5135
12/2/2005,4.5115
12/5/2005,4.5687
12/6/2005,4.482
12/7/2005,4.5095
12/8/2005,4.4623
12/9/2005,4.5233
12/12/2005,4.547
12/13/2005,4.5193
12/14/2005,4.4563
12/15/2005,4.4602
12/16/2005,4.4327
12/19/2005,4.4385
12/20/2005,4.4601
12/21/2005,4.4877
12/22/2005,4.4267
12/23/2005,4.372
12/27/2005,4.3366
12/28/2005,4.3737
12/29/2005,4.3541
12/30/2005,4.3911
1/3/2006,4.3637
1/4/2006,4.3422
1/5/2006,4.3519
1/6/2006,4.3733
1/9/2006,4.3654
1/10/2006,4.4243
1/11/2006,4.4518
1/12/2006,4.4026
1/13/2006,4.3534
1/17/2006,4.324
1/18/2006,4.3318
1/19/2006,4.3729
1/20/2006,4.3493
1/23/2006,4.3551
1/24/2006,4.3904
1/25/2006,4.4754
1/26/2006,4.5171
1/27/2006,4.5092
1/30/2006,4.5251
1/31/2006,4.5152
2/1/2006,4.5551
2/2/2006,4.5571
2/3/2006,4.5232
2/6/2006,4.5432
2/7/2006,4.5652
2/8/2006,4.5873
2/9/2006,4.5432
2/10/2006,4.5845
2/13/2006,4.5766
2/14/2006,4.6102
2/15/2006,4.5964
2/16/2006,4.5825
2/17/2006,4.5372
2/21/2006,4.5648
2/22/2006,4.5215
2/23/2006,4.5549
2/24/2006,4.5727
2/27/2006,4.5905
2/28/2006,4.551
3/1/2006,4.5845
3/2/2006,4.6282
3/3/2006,4.6801
3/6/2006,4.7504
3/7/2006,4.7223
3/8/2006,4.7263
3/9/2006,4.7243
3/10/2006,4.7567
3/13/2006,4.7668
3/14/2006,4.6924
3/15/2006,4.7266
3/16/2006,4.6404
3/17/2006,4.6705
3/20/2006,4.6565
3/21/2006,4.7167
3/22/2006,4.6986
3/23/2006,4.7329
3/24/2006,4.6686
3/27/2006,4.7028
3/28/2006,4.7797
3/29/2006,4.8041
3/30/2006,4.8551
3/31/2006,4.8472
4/3/2006,4.8615
4/4/2006,4.8637
4/5/2006,4.8433
4/6/2006,4.8987
4/7/2006,4.9774
4/10/2006,4.9526
4/11/2006,4.9197
4/12/2006,4.9777
4/13/2006,5.0447
4/17/2006,5.0032
4/18/2006,4.9824
4/19/2006,5.0221
4/20/2006,5.0389
4/21/2006,5.0079
4/24/2006,4.9768
4/25/2006,5.0667
4/26/2006,5.1046
4/27/2006,5.0669
4/28/2006,5.0505
5/1/2006,5.1369
5/2/2006,5.1075
5/3/2006,5.1414
5/4/2006,5.1521
5/5/2006,5.0997
5/8/2006,5.1104
5/9/2006,5.1211
5/10/2006,5.1234
5/11/2006,5.151
5/12/2006,5.1938
5/15/2006,5.1533
5/16/2006,5.0947
5/17/2006,5.1431
5/18/2006,5.0605
5/19/2006,5.0584
5/22/2006,5.0383
5/23/2006,5.0123
5/24/2006,5.0363
5/25/2006,5.0683
5/26/2006,5.0481
5/30/2006,5.0762
5/31/2006,5.1186
6/1/2006,5.0984
6/2/2006,4.9898
6/5/2006,5.0177
6/6/2006,4.9997
6/7/2006,5.0177
6/8/2006,4.9936
6/9/2006,4.9714
6/12/2006,4.9774
6/13/2006,4.9613
6/14/2006,5.0617
6/15/2006,5.094
6/16/2006,5.1264
6/19/2006,5.1345
6/20/2006,5.1487
6/21/2006,5.1528
6/22/2006,5.208
6/23/2006,5.2223
6/26/2006,5.2326
6/27/2006,5.1998
6/28/2006,5.2429
6/29/2006,5.1936
6/30/2006,5.1364
7/3/2006,5.1486
7/5/2006,5.2204
7/6/2006,5.1793
7/7/2006,5.1261
7/10/2006,5.1241
7/11/2006,5.0996
7/12/2006,5.0976
7/13/2006,5.063
7/14/2006,5.0629
7/17/2006,5.0629
7/18/2006,5.1302
7/19/2006,5.0487
7/20/2006,5.0263
7/21/2006,5.0404
7/24/2006,5.0424
7/25/2006,5.0628
7/26/2006,5.0302
7/27/2006,5.0343
7/28/2006,4.9896
7/31/2006,4.9794
8/1/2006,4.9753
8/2/2006,4.9632
8/3/2006,4.9591
8/4/2006,4.8925
8/7/2006,4.9186
8/8/2006,4.9165
8/9/2006,4.9367
8/10/2006,4.9309
8/11/2006,4.9691
8/14/2006,4.9952
8/15/2006,4.9289
8/16/2006,4.859
8/17/2006,4.863
8/18/2006,4.841
8/21/2006,4.8112
8/22/2006,4.8092
8/23/2006,4.8072
8/24/2006,4.7992
8/25/2006,4.7793
8/28/2006,4.7911
8/29/2006,4.7772
8/30/2006,4.7515
8/31/2006,4.7258
9/1/2006,4.7236
9/5/2006,4.7789
9/6/2006,4.7948
9/7/2006,4.7848
9/8/2006,4.7708
9/11/2006,4.8006
9/12/2006,4.7688
9/13/2006,4.7588
9/14/2006,4.7886
9/15/2006,4.7885
9/18/2006,4.8044
9/19/2006,4.7328
9/20/2006,4.7288
9/21/2006,4.636
9/22/2006,4.5888
9/25/2006,4.5418
9/26/2006,4.5828
9/27/2006,4.5984
9/28/2006,4.612
9/29/2006,4.6276
10/2/2006,4.6
10/3/2006,4.6137
10/4/2006,4.5587
10/5/2006,4.6037
10/6/2006,4.6943
10/10/2006,4.7518
10/11/2006,4.7778
10/12/2006,4.7698
10/13/2006,4.7977
10/16/2006,4.7757
10/17/2006,4.7656
10/18/2006,4.7536
10/19/2006,4.7816
10/20/2006,4.7855
10/23/2006,4.8277
10/24/2006,4.8196
10/25/2006,4.7614
10/26/2006,4.7174
10/27/2006,4.6715
10/30/2006,4.6694
10/31/2006,4.5981
11/1/2006,4.5645
11/2/2006,4.594
11/3/2006,4.715
11/6/2006,4.693
11/7/2006,4.6571
11/8/2006,4.6352
11/9/2006,4.6253
11/10/2006,4.5876
11/13/2006,4.6093
11/14/2006,4.5622
11/15/2006,4.6171
11/16/2006,4.6644
11/17/2006,4.5993
11/20/2006,4.5973
11/21/2006,4.5698
11/22/2006,4.558
11/24/2006,4.548
11/27/2006,4.5285
11/28/2006,4.5011
11/29/2006,4.5206
11/30/2006,4.4581
12/1/2006,4.4327
12/4/2006,4.4229
12/5/2006,4.4403
12/6/2006,4.4851
12/7/2006,4.4811
12/8/2006,4.5437
12/11/2006,4.5182
12/12/2006,4.4848
12/13/2006,4.5791
12/14/2006,4.5968
12/15/2006,4.5928
12/18/2006,4.5809
12/19/2006,4.5888
12/20/2006,4.5947
12/21/2006,4.5454
12/22/2006,4.6185
12/26/2006,4.5986
12/27/2006,4.6503
12/28/2006,4.6802
12/29/2006,4.7022
1/2/2007,4.6802
1/3/2007,4.6582
1/4/2007,4.6024
1/5/2007,4.6442
1/8/2007,4.6522
1/9/2007,4.6542
1/10/2007,4.6843
1/11/2007,4.7305
1/12/2007,4.775
1/16/2007,4.7467
1/17/2007,4.7791
1/18/2007,4.7427
1/19/2007,4.7752
1/22/2007,4.759
1/23/2007,4.8077
1/24/2007,4.8077
1/25/2007,4.8731
1/26/2007,4.8733
1/29/2007,4.8897
1/30/2007,4.8693
1/31/2007,4.808
2/1/2007,4.8346
2/2/2007,4.8204
2/5/2007,4.8021
2/6/2007,4.7655
2/7/2007,4.7432
2/8/2007,4.7319
2/9/2007,4.7797
2/12/2007,4.8037
2/13/2007,4.8078
2/14/2007,4.7359
2/15/2007,4.7061
2/16/2007,4.6882
2/20/2007,4.6743
2/21/2007,4.6902
2/22/2007,4.7279
2/23/2007,4.6703
2/26/2007,4.6248
2/27/2007,4.5109
2/28/2007,4.5657
3/1/2007,4.5499
3/2/2007,4.497
3/5/2007,4.495
3/6/2007,4.5282
3/7/2007,4.4871
3/8/2007,4.5125
3/9/2007,4.5871
3/12/2007,4.5516
3/13/2007,4.4907
3/14/2007,4.5338
3/15/2007,4.5358
3/16/2007,4.5435
3/19/2007,4.5632
3/20/2007,4.5494
3/21/2007,4.5356
3/22/2007,4.5829
3/23/2007,4.6105
3/26/2007,4.6006
3/27/2007,4.5966
3/28/2007,4.6204
3/29/2007,4.6423
3/30/2007,4.6443
4/2/2007,4.6403
4/3/2007,4.6642
4/4/2007,4.6482
4/5/2007,4.6782
4/9/2007,4.7425
4/10/2007,4.7184
4/11/2007,4.7304
4/12/2007,4.7345
4/13/2007,4.7608
4/16/2007,4.7346
4/17/2007,4.6803
4/18/2007,4.6502
4/19/2007,4.6642
4/20/2007,4.6703
4/23/2007,4.6402
4/24/2007,4.6202
4/25/2007,4.6502
4/26/2007,4.6964
4/27/2007,4.6924
4/30/2007,4.6222
5/1/2007,4.6362
5/2/2007,4.6422
5/3/2007,4.6723
5/4/2007,4.6382
5/7/2007,4.6262
5/8/2007,4.6342
5/9/2007,4.6618
5/10/2007,4.6379
5/11/2007,4.6717
5/14/2007,4.6936
5/15/2007,4.7016
5/16/2007,4.7096
5/17/2007,4.7517
5/18/2007,4.8001
5/21/2007,4.782
5/22/2007,4.8245
5/23/2007,4.8468
5/24/2007,4.8387
5/25/2007,4.8572
5/29/2007,4.8818
5/30/2007,4.8675
5/31/2007,4.8879
6/1/2007,4.9516
6/4/2007,4.9271
6/5/2007,4.9908
6/6/2007,4.9641
6/7/2007,5.13
6/8/2007,5.0991
6/11/2007,5.1514
6/12/2007,5.2928
6/13/2007,5.1979
6/14/2007,5.2212
6/15/2007,5.1627
6/18/2007,5.1335
6/19/2007,5.0814
6/20/2007,5.1316
6/21/2007,5.1863
6/22/2007,5.13
6/25/2007,5.08
6/26/2007,5.078
6/27/2007,5.0802
6/28/2007,5.1033
6/29/2007,5.0244
7/2/2007,4.9892
7/3/2007,5.0372
7/5/2007,5.1402
7/6/2007,5.1824
7/9/2007,5.1382
7/10/2007,5.0212
7/11/2007,5.086
7/12/2007,5.1239
7/13/2007,5.0928
7/16/2007,5.0385
7/17/2007,5.0491
7/18/2007,5.0283
7/19/2007,5.0159
7/20/2007,4.9497
7/23/2007,4.9477
7/24/2007,4.9085
7/25/2007,4.8983
7/26/2007,4.7854
7/27/2007,4.757
7/30/2007,4.802
7/31/2007,4.7388
8/1/2007,4.7919
8/2/2007,4.7654
8/3/2007,4.6842
8/6/2007,4.7371
8/7/2007,4.7677
8/8/2007,4.8767
8/9/2007,4.7678
8/10/2007,4.8076
8/13/2007,4.7599
8/14/2007,4.7243
8/15/2007,4.7243
8/16/2007,4.6572
8/17/2007,4.6847
8/20/2007,4.6257
8/21/2007,4.5904
8/22/2007,4.6452
8/23/2007,4.6452
8/24/2007,4.6156
8/27/2007,4.5627
8/28/2007,4.5062
8/29/2007,4.5587
8/30/2007,4.5061
8/31/2007,4.5292
9/4/2007,4.5466
9/5/2007,4.4669
9/6/2007,4.5076
9/7/2007,4.3816
9/10/2007,4.322
9/11/2007,4.3679
9/12/2007,4.4102
9/13/2007,4.4643
9/14/2007,4.4544
9/17/2007,4.466
9/18/2007,4.4717
9/19/2007,4.5458
9/20/2007,4.6957
9/21/2007,4.6203
9/24/2007,4.6282
9/25/2007,4.6242
9/26/2007,4.6202
9/27/2007,4.563
9/28/2007,4.5865
10/1/2007,4.5452
10/2/2007,4.5216
10/3/2007,4.5588
10/4/2007,4.5097
10/5/2007,4.6356
10/9/2007,4.6475
10/10/2007,4.6495
10/11/2007,4.6355
10/12/2007,4.6812
10/15/2007,4.6772
10/16/2007,4.6473
10/17/2007,4.5522
10/18/2007,4.4893
10/19/2007,4.3915
10/22/2007,4.4108
10/23/2007,4.403
10/24/2007,4.3388
10/25/2007,4.3775
10/26/2007,4.4006
10/29/2007,4.3811
10/30/2007,4.379
10/31/2007,4.4708
11/1/2007,4.3458
11/2/2007,4.3165
11/5/2007,4.3338
11/6/2007,4.3726
11/7/2007,4.3084
11/8/2007,4.2829
11/9/2007,4.2133
11/13/2007,4.2635
11/14/2007,4.25
11/15/2007,4.1403
11/16/2007,4.167
11/19/2007,4.0714
11/20/2007,4.0961
11/21/2007,4.0067
11/23/2007,3.9989
11/26/2007,3.8391
11/27/2007,3.9477
11/28/2007,4.0347
11/29/2007,3.9344
11/30/2007,3.9379
12/3/2007,3.8459
12/4/2007,3.8926
12/5/2007,3.9547
12/6/2007,4.0076
12/7/2007,4.1048
12/10/2007,4.1567
12/11/2007,3.9694
12/12/2007,4.0893
12/13/2007,4.2011
12/14/2007,4.234
12/17/2007,4.1449
12/18/2007,4.1179
12/19/2007,4.0278
12/20/2007,4.0507
12/21/2007,4.1679
12/24/2007,4.2125
12/26/2007,4.2749
12/27/2007,4.1969
12/28/2007,4.0732
12/31/2007,4.0232
1/2/2008,3.9033
1/3/2008,3.8918
1/4/2008,3.8651
1/7/2008,3.8311
1/8/2008,3.7822
1/9/2008,3.8215
1/10/2008,3.8837
1/11/2008,3.7835
1/14/2008,3.7647
1/15/2008,3.6751
1/16/2008,3.7345
1/17/2008,3.6211
1/18/2008,3.6297
1/22/2008,3.4332
1/23/2008,3.598
1/24/2008,3.7018
1/25/2008,3.5494
1/28/2008,3.5806
1/29/2008,3.6769
1/30/2008,3.6656
1/31/2008,3.5931
2/1/2008,3.5926
2/4/2008,3.6444
2/5/2008,3.5701
2/6/2008,3.5885
2/7/2008,3.7569
2/8/2008,3.6428
2/11/2008,3.6144
2/12/2008,3.6579
2/13/2008,3.7282
2/14/2008,3.8163
2/15/2008,3.7686
2/19/2008,3.8959
2/20/2008,3.8902
2/21/2008,3.7706
2/22/2008,3.8015
2/25/2008,3.8964
2/26/2008,3.8596
2/27/2008,3.8481
2/28/2008,3.6697
2/29/2008,3.5092
3/3/2008,3.5468
3/4/2008,3.6242
3/5/2008,3.668
3/6/2008,3.5826
3/7/2008,3.5317
3/10/2008,3.4549
3/11/2008,3.5921
3/12/2008,3.4604
3/13/2008,3.5261
3/14/2008,3.4679
3/17/2008,3.3061
3/18/2008,3.4828
3/19/2008,3.3282
3/20/2008,3.3336
3/24/2008,3.5563
3/25/2008,3.5053
3/26/2008,3.4602
3/27/2008,3.528
3/28/2008,3.4414
3/31/2008,3.4096
4/1/2008,3.5583
4/2/2008,3.5963
4/3/2008,3.5773
4/4/2008,3.4657
4/7/2008,3.5356
4/8/2008,3.5564
4/9/2008,3.4807
4/10/2008,3.5394
4/11/2008,3.4694
4/14/2008,3.5109
4/15/2008,3.6003
4/16/2008,3.6886
4/17/2008,3.7273
4/18/2008,3.7061
4/21/2008,3.7255
4/22/2008,3.6908
4/23/2008,3.7314
4/24/2008,3.8249
4/25/2008,3.8703
4/28/2008,3.8252
4/29/2008,3.8194
4/30/2008,3.7279
5/1/2008,3.763
5/2/2008,3.8551
5/5/2008,3.867
5/6/2008,3.9164
5/7/2008,3.8475
5/8/2008,3.7748
5/9/2008,3.7692
5/12/2008,3.7974
5/13/2008,3.9131
5/14/2008,3.9112
5/15/2008,3.8144
5/16/2008,3.8446
5/19/2008,3.8294
5/20/2008,3.7746
5/21/2008,3.8067
5/22/2008,3.9111
5/23/2008,3.8425
5/27/2008,3.9188
5/28/2008,4.0033
5/29/2008,4.075
5/30/2008,4.0595
6/2/2008,3.9571
6/3/2008,3.8939
6/4/2008,3.9764
6/5/2008,4.0383
6/6/2008,3.9092
6/9/2008,3.9977
6/10/2008,4.1027
6/11/2008,4.0735
6/12/2008,4.2108
6/13/2008,4.2565
6/16/2008,4.2666
6/17/2008,4.1973
6/18/2008,4.1363
6/19/2008,4.2073
6/20/2008,4.1641
6/23/2008,4.1641
6/24/2008,4.0818
6/25/2008,4.0994
6/26/2008,4.033
6/27/2008,3.9652
6/30/2008,3.969
7/1/2008,4.002
7/2/2008,3.9575
7/3/2008,3.975
7/7/2008,3.8995
7/8/2008,3.8822
7/9/2008,3.8112
7/10/2008,3.7959
7/11/2008,3.9576
7/14/2008,3.8553
7/15/2008,3.8188
7/16/2008,3.9344
7/17/2008,3.9907
7/18/2008,4.0828
7/21/2008,4.0416
7/22/2008,4.0987
7/23/2008,4.1165
7/24/2008,3.9968
7/25/2008,4.0969
7/28/2008,4.0008
7/29/2008,4.038
7/30/2008,4.0439
7/31/2008,3.9462
8/1/2008,3.9307
8/4/2008,3.9619
8/5/2008,4.0167
8/6/2008,4.0501
8/7/2008,3.92
8/8/2008,3.9276
8/11/2008,3.9904
8/12/2008,3.8954
8/13/2008,3.9314
8/14/2008,3.886
8/15/2008,3.8349
8/18/2008,3.8104
8/19/2008,3.8292
8/20/2008,3.8009
8/21/2008,3.8291
8/22/2008,3.8704
8/25/2008,3.7837
8/26/2008,3.7743
8/27/2008,3.763
8/28/2008,3.7779
8/29/2008,3.8116
9/2/2008,3.7326
9/3/2008,3.699
9/4/2008,3.6227
9/5/2008,3.6986
9/8/2008,3.6743
9/9/2008,3.5668
9/10/2008,3.6295
9/11/2008,3.6425
9/12/2008,3.7187
9/15/2008,3.3868
9/16/2008,3.4357
9/17/2008,3.4137
9/18/2008,3.5437
9/19/2008,3.8105
9/22/2008,3.8351
9/23/2008,3.7991
9/24/2008,3.8104
9/25/2008,3.854
9/26/2008,3.852
9/29/2008,3.5776
9/30/2008,3.8234
10/1/2008,3.7382
10/2/2008,3.6276
10/3/2008,3.6031
10/6/2008,3.4532
10/7/2008,3.5028
10/8/2008,3.6401
10/9/2008,3.785
10/10/2008,3.8705
10/14/2008,4.0772
10/15/2008,3.9453
10/16/2008,3.9569
10/17/2008,3.9299
10/20/2008,3.8416
10/21/2008,3.7388
10/22/2008,3.594
10/23/2008,3.6745
10/24/2008,3.6856
10/27/2008,3.6874
10/28/2008,3.8336
10/29/2008,3.8546
10/30/2008,3.9645
10/31/2008,3.953
11/3/2008,3.9141
11/4/2008,3.7247
11/5/2008,3.7019
11/6/2008,3.6886
11/7/2008,3.7929
11/10/2008,3.7432
11/12/2008,3.6466
11/13/2008,3.8525
11/14/2008,3.7349
11/17/2008,3.6484
11/18/2008,3.5293
11/19/2008,3.3205
11/20/2008,3.0131
11/21/2008,3.1974
11/24/2008,3.3236
11/25/2008,3.1078
11/26/2008,2.9784
11/28/2008,2.92
12/1/2008,2.7309
12/2/2008,2.6724
12/3/2008,2.6585
12/4/2008,2.5513
12/5/2008,2.7037
12/8/2008,2.7378
12/9/2008,2.6399
12/10/2008,2.6824
12/11/2008,2.6019
12/12/2008,2.5705
12/15/2008,2.5127
12/16/2008,2.2558
12/17/2008,2.1915
12/18/2008,2.0788
12/19/2008,2.1231
12/22/2008,2.17
12/23/2008,2.1729
12/24/2008,2.182
12/26/2008,2.1318
12/29/2008,2.0989
12/30/2008,2.053
12/31/2008,2.2123
1/2/2009,2.3688
1/5/2009,2.4812
1/6/2009,2.4454
1/7/2009,2.4942
1/8/2009,2.4398
1/9/2009,2.39
1/12/2009,2.3044
1/13/2009,2.2924
1/14/2009,2.1993
1/15/2009,2.2055
1/16/2009,2.3187
1/20/2009,2.3771
1/21/2009,2.536
1/22/2009,2.5922
1/23/2009,2.6172
1/26/2009,2.6411
1/27/2009,2.5274
1/28/2009,2.6665
1/29/2009,2.8586
1/30/2009,2.8403
2/2/2009,2.7226
2/3/2009,2.884
2/4/2009,2.9353
2/5/2009,2.912
2/6/2009,2.9917
2/9/2009,2.9844
2/10/2009,2.8136
2/11/2009,2.7537
2/12/2009,2.7824
2/13/2009,2.8894
2/17/2009,2.6479
2/18/2009,2.7554
2/19/2009,2.8531
2/20/2009,2.7879
2/23/2009,2.7536
2/24/2009,2.7951
2/25/2009,2.9263
2/26/2009,2.9908
2/27/2009,3.0131
3/2/2009,2.8624
3/3/2009,2.8771
3/4/2009,2.9745
3/5/2009,2.8115
3/6/2009,2.8717
3/9/2009,2.8589
3/10/2009,3.0044
3/11/2009,2.9048
3/12/2009,2.8535
3/13/2009,2.8902
3/16/2009,2.9529
3/17/2009,3.0066
3/18/2009,2.533
3/19/2009,2.6023
3/20/2009,2.6344
3/23/2009,2.6523
3/24/2009,2.701
3/25/2009,2.7844
3/26/2009,2.7389
3/27/2009,2.7571
3/30/2009,2.7117
3/31/2009,2.6629
4/1/2009,2.6539
4/2/2009,2.7662
4/3/2009,2.8853
4/6/2009,2.9223
4/7/2009,2.8965
4/8/2009,2.8559
4/9/2009,2.9207
4/13/2009,2.8579
4/14/2009,2.7845
4/15/2009,2.7644
4/16/2009,2.8303
4/17/2009,2.9451
4/20/2009,2.8359
4/21/2009,2.8969
4/22/2009,2.9397
4/23/2009,2.9193
4/24/2009,2.9903
4/27/2009,2.9083
4/28/2009,3.0073
4/29/2009,3.1073
4/30/2009,3.1187
5/1/2009,3.1533
5/4/2009,3.1514
5/5/2009,3.1592
5/6/2009,3.1612
5/7/2009,3.3341
5/8/2009,3.2856
5/11/2009,3.1654
5/12/2009,3.1727
5/13/2009,3.1195
5/14/2009,3.0884
5/15/2009,3.1341
5/18/2009,3.23
5/19/2009,3.243
5/20/2009,3.1912
5/21/2009,3.3644
5/22/2009,3.4495
5/26/2009,3.5467
5/27/2009,3.7381
5/28/2009,3.6122
5/29/2009,3.4594
6/1/2009,3.6726
6/2/2009,3.6127
6/3/2009,3.5398
6/4/2009,3.7099
6/5/2009,3.8279
6/8/2009,3.8736
6/9/2009,3.8559
6/10/2009,3.9455
6/11/2009,3.8543
6/12/2009,3.7916
6/15/2009,3.7113
6/16/2009,3.6588
6/17/2009,3.6882
6/18/2009,3.8277
6/19/2009,3.7808
6/22/2009,3.681
6/23/2009,3.6208
6/24/2009,3.6851
6/25/2009,3.5398
6/26/2009,3.5363
6/29/2009,3.4768
6/30/2009,3.5326
7/1/2009,3.5365
7/2/2009,3.4946
7/6/2009,3.5063
7/7/2009,3.4544
7/8/2009,3.3081
7/9/2009,3.403
7/10/2009,3.3026
7/13/2009,3.35
7/14/2009,3.4703
7/15/2009,3.6038
7/16/2009,3.5689
7/17/2009,3.6433
7/20/2009,3.6063
7/21/2009,3.4824
7/22/2009,3.5443
7/23/2009,3.6555
7/24/2009,3.6578
7/27/2009,3.7189
7/28/2009,3.6856
7/29/2009,3.6582
7/30/2009,3.6074
7/31/2009,3.4796
8/3/2009,3.6333
8/4/2009,3.6845
8/5/2009,3.7459
8/6/2009,3.7501
8/7/2009,3.8502
8/10/2009,3.7765
8/11/2009,3.6677
8/12/2009,3.7172
8/13/2009,3.595
8/14/2009,3.5688
8/17/2009,3.4684
8/18/2009,3.5092
8/19/2009,3.4517
8/20/2009,3.4313
8/21/2009,3.5649
8/24/2009,3.4755
8/25/2009,3.4348
8/26/2009,3.4329
8/27/2009,3.4531
8/28/2009,3.4456
8/31/2009,3.3975
9/1/2009,3.3625
9/2/2009,3.3056
9/3/2009,3.344
9/4/2009,3.4378
9/8/2009,3.4823
9/9/2009,3.4711
9/10/2009,3.3472
9/11/2009,3.347
9/14/2009,3.4208
9/15/2009,3.4541
9/16/2009,3.469
9/17/2009,3.3836
9/18/2009,3.4632
9/21/2009,3.4799
9/22/2009,3.4445
9/23/2009,3.4184
9/24/2009,3.3813
9/25/2009,3.3184
9/28/2009,3.2797
9/29/2009,3.2906
9/30/2009,3.3053
10/1/2009,3.179
10/2/2009,3.2188
10/5/2009,3.2205
10/6/2009,3.2552
10/7/2009,3.182
10/8/2009,3.2477
10/9/2009,3.3802
10/13/2009,3.3468
10/14/2009,3.4136
10/15/2009,3.4565
10/16/2009,3.4115
10/19/2009,3.3891
10/20/2009,3.3407
10/21/2009,3.3853
10/22/2009,3.4132
10/23/2009,3.49
10/26/2009,3.5542
10/27/2009,3.4448
10/28/2009,3.4148
10/29/2009,3.4974
10/30/2009,3.3828
11/2/2009,3.4145
11/3/2009,3.4652
11/4/2009,3.5237
11/5/2009,3.5236
11/6/2009,3.4971
11/9/2009,3.4857
11/10/2009,3.4724
11/12/2009,3.4438
11/13/2009,3.4177
11/16/2009,3.3343
11/17/2009,3.3232
11/18/2009,3.3638
11/19/2009,3.3361
11/20/2009,3.3656
11/23/2009,3.3489
11/24/2009,3.3027
11/25/2009,3.2695
11/27/2009,3.2051
11/30/2009,3.1978
12/1/2009,3.2822
12/2/2009,3.3099
12/3/2009,3.3842
12/4/2009,3.4722
12/7/2009,3.429
12/8/2009,3.3804
12/9/2009,3.4328
12/10/2009,3.4967
12/11/2009,3.5498
12/14/2009,3.548
12/15/2009,3.5861
12/16/2009,3.5975
12/17/2009,3.478
12/18/2009,3.5368
12/21/2009,3.6745
12/22/2009,3.7538
12/23/2009,3.7481
12/24/2009,3.8029
12/28/2009,3.8402
12/29/2009,3.7972
12/30/2009,3.7856
12/31/2009,3.8368
1/4/2010,3.8155
1/5/2010,3.7608
1/6/2010,3.8215
1/7/2010,3.8235
1/8/2010,3.8297
1/11/2010,3.818
1/12/2010,3.7108
1/13/2010,3.7908
1/14/2010,3.7382
1/15/2010,3.6744
1/19/2010,3.6919
1/20/2010,3.6474
1/21/2010,3.5858
1/22/2010,3.6071
1/25/2010,3.6265
1/26/2010,3.6188
1/27/2010,3.6479
1/28/2010,3.6344
1/29/2010,3.5844
2/1/2010,3.6501
2/2/2010,3.6405
2/3/2010,3.7047
2/4/2010,3.6058
2/5/2010,3.5654
2/8/2010,3.5597
2/9/2010,3.6448
2/10/2010,3.6897
2/11/2010,3.7155
2/12/2010,3.6928
2/16/2010,3.6569
2/17/2010,3.7307
2/18/2010,3.8012
2/19/2010,3.7726
2/22/2010,3.7955
2/23/2010,3.6834
2/24/2010,3.6909
2/25/2010,3.6324
2/26/2010,3.6117
3/1/2010,3.6079
3/2/2010,3.6041
3/3/2010,3.6173
3/4/2010,3.6022
3/5/2010,3.6796
3/8/2010,3.7157
3/9/2010,3.7005
3/10/2010,3.7215
3/11/2010,3.7272
3/12/2010,3.7006
3/15/2010,3.6949
3/16/2010,3.6493
3/17/2010,3.6361
3/18/2010,3.6759
3/19/2010,3.6892
3/22/2010,3.6588
3/23/2010,3.6854
3/24/2010,3.8524
3/25/2010,3.8777
3/26/2010,3.8468
3/29/2010,3.8643
3/30/2010,3.8566
3/31/2010,3.8257
4/1/2010,3.8685
4/5/2010,3.9859
4/6/2010,3.9505
4/7/2010,3.8531
4/8/2010,3.8901
4/9/2010,3.8825
4/12/2010,3.8417
4/13/2010,3.8204
4/14/2010,3.8593
4/15/2010,3.8321
4/16/2010,3.7626
4/19/2010,3.7974
4/20/2010,3.7993
4/21/2010,3.7356
4/22/2010,3.7723
4/23/2010,3.8092
4/26/2010,3.8054
4/27/2010,3.6877
4/28/2010,3.7628
4/29/2010,3.7243
4/30/2010,3.6532
5/3/2010,3.682
5/4/2010,3.5902
5/5/2010,3.5388
5/6/2010,3.3938
5/7/2010,3.4255
5/10/2010,3.5406
5/11/2010,3.5235
5/12/2010,3.571
5/13/2010,3.5261
5/14/2010,3.4534
5/17/2010,3.4869
5/18/2010,3.3462
5/19/2010,3.3682
5/20/2010,3.2126
5/21/2010,3.2379
5/24/2010,3.1942
5/25/2010,3.1578
5/26/2010,3.1886
5/27/2010,3.3605
5/28/2010,3.2922
6/1/2010,3.2591
6/2/2010,3.34
6/3/2010,3.3639
6/4/2010,3.2023
6/7/2010,3.1422
6/8/2010,3.1857
6/9/2010,3.1729
6/10/2010,3.3193
6/11/2010,3.2346
6/14/2010,3.2529
6/15/2010,3.3025
6/16/2010,3.2601
6/17/2010,3.1887
6/18/2010,3.2195
6/21/2010,3.2414
6/22/2010,3.1664
6/23/2010,3.119
6/24/2010,3.1371
6/25/2010,3.1078
6/28/2010,3.021
6/29/2010,2.9491
6/30/2010,2.9311
7/1/2010,2.947
7/2/2010,2.977
7/6/2010,2.9302
7/7/2010,2.9803
7/8/2010,3.0306
7/9/2010,3.052
7/12/2010,3.0628
7/13/2010,3.1208
7/14/2010,3.0426
7/15/2010,2.9937
7/16/2010,2.9215
7/19/2010,2.9537
7/20/2010,2.9481
7/21/2010,2.8782
7/22/2010,2.9353
7/23/2010,2.9943
7/26/2010,2.9924
7/27/2010,3.0485
7/28/2010,2.985
7/29/2010,2.9794
7/30/2010,2.9052
8/2/2010,2.9609
8/3/2010,2.9085
8/4/2010,2.9498
8/5/2010,2.9011
8/6/2010,2.8166
8/9/2010,2.8289
8/10/2010,2.7593
8/11/2010,2.6814
8/12/2010,2.7455
8/13/2010,2.6716
8/16/2010,2.5626
8/17/2010,2.6321
8/18/2010,2.6321
8/19/2010,2.575
8/20/2010,2.6106
8/23/2010,2.5981
8/24/2010,2.488
8/25/2010,2.534
8/26/2010,2.4755
8/27/2010,2.6447
8/30/2010,2.5285
8/31/2010,2.4683
9/1/2010,2.573
9/2/2010,2.6231
9/3/2010,2.697
9/7/2010,2.5944
9/8/2010,2.6555
9/9/2010,2.7588
9/10/2010,2.7917
9/13/2010,2.748
9/14/2010,2.679
9/15/2010,2.7207
9/16/2010,2.7608
9/17/2010,2.7372
9/20/2010,2.7026
9/21/2010,2.5727
9/22/2010,2.5583
9/23/2010,2.5511
9/24/2010,2.605
9/27/2010,2.5242
9/28/2010,2.4653
9/29/2010,2.5027
9/30/2010,2.5098
10/1/2010,2.5097
10/4/2010,2.4758
10/5/2010,2.4722
10/6/2010,2.3976
10/7/2010,2.3833
10/8/2010,2.392
10/12/2010,2.4309
10/13/2010,2.422
10/14/2010,2.5076
10/15/2010,2.5597
10/18/2010,2.5075
10/19/2010,2.4752
10/20/2010,2.4788
10/21/2010,2.5452
10/22/2010,2.5541
10/25/2010,2.5613
10/26/2010,2.6393
10/27/2010,2.7198
10/28/2010,2.6576
10/29/2010,2.5993
11/1/2010,2.6229
11/2/2010,2.5866
11/3/2010,2.5702
11/4/2010,2.489
11/5/2010,2.5304
11/8/2010,2.5502
11/9/2010,2.6558
11/10/2010,2.6286
11/12/2010,2.7871
11/15/2010,2.9593
11/16/2010,2.84
11/17/2010,2.8766
11/18/2010,2.895
11/19/2010,2.8713
11/22/2010,2.8019
11/23/2010,2.7729
11/24/2010,2.912
11/26/2010,2.8663
11/29/2010,2.8205
11/30/2010,2.7968
12/1/2010,2.9642
12/2/2010,2.9885
12/3/2010,3.0055
12/6/2010,2.9201
12/7/2010,3.1257
12/8/2010,3.2723
12/9/2010,3.2037
12/10/2010,3.319
12/13/2010,3.275
12/14/2010,3.4727
12/15/2010,3.5318
12/16/2010,3.4224
12/17/2010,3.3279
12/20/2010,3.3358
12/21/2010,3.3031
12/22/2010,3.3458
12/23/2010,3.3892
12/27/2010,3.3294
12/28/2010,3.4795
12/29/2010,3.3489
12/30/2010,3.3646
12/31/2010,3.2935
1/3/2011,3.3324
1/4/2011,3.3287
1/5/2011,3.4654
1/6/2011,3.3932
1/7/2011,3.3237
1/10/2011,3.2832
1/11/2011,3.3396
1/12/2011,3.365
1/13/2011,3.2972
1/14/2011,3.3231
1/18/2011,3.3663
1/19/2011,3.339
1/20/2011,3.4488
1/21/2011,3.4042
1/24/2011,3.4044
1/25/2011,3.3284
1/26/2011,3.4146
1/27/2011,3.3873
1/28/2011,3.3214
1/31/2011,3.3704
2/1/2011,3.4394
2/2/2011,3.4771
2/3/2011,3.5488
2/4/2011,3.6356
2/7/2011,3.6299
2/8/2011,3.7373
2/9/2011,3.6465
2/10/2011,3.6928
2/11/2011,3.6288
2/14/2011,3.6194
2/15/2011,3.6044
2/16/2011,3.6193
2/17/2011,3.5725
2/18/2011,3.5799
2/22/2011,3.4533
2/23/2011,3.4848
2/24/2011,3.4477
2/25/2011,3.4125
2/28/2011,3.4272
3/1/2011,3.3921
3/2/2011,3.4697
3/3/2011,3.5554
3/4/2011,3.49
3/7/2011,3.5123
3/8/2011,3.5477
3/9/2011,3.4675
3/10/2011,3.3584
3/11/2011,3.4025
3/14/2011,3.3563
3/15/2011,3.303
3/16/2011,3.17
3/17/2011,3.255
3/18/2011,3.2678
3/21/2011,3.3282
3/22/2011,3.3263
3/23/2011,3.3501
3/24/2011,3.4037
3/25/2011,3.4388
3/28/2011,3.4313
3/29/2011,3.4872
3/30/2011,3.4349
3/31/2011,3.4703
4/1/2011,3.4422
4/4/2011,3.4179
4/5/2011,3.4795
4/6/2011,3.5452
4/7/2011,3.5451
4/8/2011,3.5772
4/11/2011,3.5847
4/12/2011,3.4904
4/13/2011,3.4585
4/14/2011,3.4979
4/15/2011,3.4079
4/18/2011,3.3743
4/19/2011,3.3631
4/20/2011,3.4077
4/21/2011,3.3963
4/25/2011,3.3627
4/26/2011,3.307
4/27/2011,3.3552
4/28/2011,3.3106
4/29/2011,3.2863
5/2/2011,3.2788
5/3/2011,3.2473
5/4/2011,3.2159
5/5/2011,3.1499
5/6/2011,3.1459
5/9/2011,3.1604
5/10/2011,3.2135
5/11/2011,3.1593
5/12/2011,3.2225
5/13/2011,3.1709
5/16/2011,3.147
5/17/2011,3.1158
5/18/2011,3.1801
5/19/2011,3.1709
5/20/2011,3.1451
5/23/2011,3.1286
5/24/2011,3.1139
5/25/2011,3.1304
5/26/2011,3.0572
5/27/2011,3.0735
5/31/2011,3.0607
6/1/2011,2.9408
6/2/2011,3.0297
6/3/2011,2.9859
6/6/2011,2.995
6/7/2011,2.9949
6/8/2011,2.9387
6/9/2011,2.9967
6/10/2011,2.9693
6/13/2011,2.9838
6/14/2011,3.0972
6/15/2011,2.9692
6/16/2011,2.9274
6/17/2011,2.9445
6/20/2011,2.958
6/21/2011,2.9835
6/22/2011,2.9825
6/23/2011,2.9116
6/24/2011,2.8636
6/27/2011,2.9305
6/28/2011,3.0308
6/29/2011,3.1118
6/30/2011,3.16
7/1/2011,3.1823
7/5/2011,3.121
7/6/2011,3.108
7/7/2011,3.1377
7/8/2011,3.0268
7/11/2011,2.9189
7/12/2011,2.877
7/13/2011,2.8824
7/14/2011,2.9534
7/15/2011,2.9058
7/18/2011,2.9276
7/19/2011,2.8802
7/20/2011,2.9275
7/21/2011,3.0136
7/22/2011,2.9621
7/25/2011,3.0006
7/26/2011,2.9529
7/27/2011,2.9803
7/28/2011,2.9454
7/29/2011,2.7961
8/1/2011,2.7437
8/2/2011,2.6114
8/3/2011,2.6202
8/4/2011,2.4028
8/5/2011,2.5585
8/8/2011,2.3179
8/9/2011,2.2488
8/10/2011,2.1061
8/11/2011,2.3399
8/12/2011,2.2548
8/15/2011,2.3053
8/16/2011,2.2196
8/17/2011,2.1652
8/18/2011,2.0624
8/19/2011,2.0623
8/22/2011,2.1058
8/23/2011,2.153
8/24/2011,2.2994
8/25/2011,2.2286
8/26/2011,2.1899
8/29/2011,2.2561
8/30/2011,2.1767
8/31/2011,2.2234
9/1/2011,2.1302
9/2/2011,1.9857
9/6/2011,1.984
9/7/2011,2.0429
9/8/2011,1.9787
9/9/2011,1.9183
9/12/2011,1.9475
9/13/2011,1.9906
9/14/2011,1.9837
9/15/2011,2.082
9/16/2011,2.0479
9/19/2011,1.9506
9/20/2011,1.9385
9/21/2011,1.8576
9/22/2011,1.718
9/23/2011,1.8334
9/26/2011,1.9002
9/27/2011,1.9711
9/28/2011,1.9797
9/29/2011,1.9962
9/30/2011,1.9154
10/3/2011,1.756
10/4/2011,1.8207
10/5/2011,1.8877
10/6/2011,1.9872
10/7/2011,2.0764
10/11/2011,2.1496
10/12/2011,2.2101
10/13/2011,2.1834
10/14/2011,2.2477
10/17/2011,2.155
10/18/2011,2.1763
10/19/2011,2.1603
10/20/2011,2.1888
10/21/2011,2.2192
10/24/2011,2.2336
10/25/2011,2.1089
10/26/2011,2.2041
10/27/2011,2.3964
10/28/2011,2.3167
10/31/2011,2.1133
11/1/2011,1.9889
11/2/2011,1.9854
11/3/2011,2.0734
11/4/2011,2.0327
11/7/2011,2.0371
11/8/2011,2.0769
11/9/2011,1.9615
11/10/2011,2.0564
11/14/2011,2.0556
11/15/2011,2.0451
11/16/2011,2
11/17/2011,1.9602
11/18/2011,2.0104
11/21/2011,1.955
11/22/2011,1.917
11/23/2011,1.8835
11/25/2011,1.9635
11/28/2011,1.9739
11/29/2011,1.9913
11/30/2011,2.068
12/1/2011,2.0873
12/2/2011,2.0331
12/5/2011,2.0436
12/6/2011,2.0891
12/7/2011,2.0296
12/8/2011,1.9704
12/9/2011,2.0611
12/12/2011,2.0121
12/13/2011,1.9651
12/14/2011,1.9027
12/15/2011,1.9079
12/16/2011,1.8474
12/19/2011,1.8096
12/20/2011,1.9233
12/21/2011,1.9668
12/22/2011,1.9476
12/23/2011,2.0244
12/27/2011,2.0052
12/28/2011,1.9162
12/29/2011,1.8988
12/30/2011,1.8762
1/3/2012,1.9474
1/4/2012,1.9771
1/5/2012,1.9946
1/6/2012,1.9578
1/9/2012,1.9578
1/10/2012,1.9683
1/11/2012,1.9037
1/12/2012,1.9228
1/13/2012,1.8636
1/17/2012,1.8566
1/18/2012,1.8983
1/19/2012,1.977
1/20/2012,2.0246
1/23/2012,2.0511
1/24/2012,2.06
1/25/2012,1.9946
1/26/2012,1.9313
1/27/2012,1.891
1/30/2012,1.8439
1/31/2012,1.7971
2/1/2012,1.8265
2/2/2012,1.8212
2/3/2012,1.9224
2/6/2012,1.9066
2/7/2012,1.9734
2/8/2012,1.9822
2/9/2012,2.0364
2/10/2012,1.9862
2/13/2012,1.9741
2/14/2012,1.9361
2/15/2012,1.9275
2/16/2012,1.9827
2/17/2012,2.0017
2/21/2012,2.0591
2/22/2012,2.0034
2/23/2012,1.9965
2/24/2012,1.9757
2/27/2012,1.9255
2/28/2012,1.9428
2/29/2012,1.9705
3/1/2012,2.0261
3/2/2012,1.9739
3/5/2012,2.0104
3/6/2012,1.9427
3/7/2012,1.9756
3/8/2012,2.0121
3/9/2012,2.0279
3/12/2012,2.0331
3/13/2012,2.1263
3/14/2012,2.2686
3/15/2012,2.2794
3/16/2012,2.294
3/19/2012,2.3772
3/20/2012,2.3591
3/21/2012,2.296
3/22/2012,2.2781
3/23/2012,2.2317
3/26/2012,2.2479
3/27/2012,2.1836
3/28/2012,2.1997
3/29/2012,2.1587
3/30/2012,2.2088
4/2/2012,2.182
4/3/2012,2.2988
4/4/2012,2.2233
4/5/2012,2.1805
4/9/2012,2.0474
4/10/2012,1.9823
4/11/2012,2.0351
4/12/2012,2.051
4/13/2012,1.9823
4/16/2012,1.9805
4/17/2012,1.9981
4/18/2012,1.9753
4/19/2012,1.9665
4/20/2012,1.9629
4/23/2012,1.9349
4/24/2012,1.9735
4/25/2012,1.984
4/26/2012,1.9383
4/27/2012,1.9348
4/30/2012,1.9137
5/1/2012,1.9435
5/2/2012,1.9277
5/3/2012,1.9312
5/4/2012,1.8786
5/7/2012,1.8716
5/8/2012,1.8402
5/9/2012,1.8227
5/10/2012,1.867
5/11/2012,1.8376
5/14/2012,1.7637
5/15/2012,1.7671
5/16/2012,1.7603
5/17/2012,1.6971
5/18/2012,1.7226
5/21/2012,1.7414
5/22/2012,1.7688
5/23/2012,1.7346
5/24/2012,1.7774
5/25/2012,1.738
5/29/2012,1.7448
5/30/2012,1.622
5/31/2012,1.5578
6/1/2012,1.452
6/4/2012,1.5239
6/5/2012,1.5744
6/6/2012,1.6592
6/7/2012,1.6388
6/8/2012,1.6353
6/11/2012,1.586
6/12/2012,1.6642
6/13/2012,1.5927
6/14/2012,1.642
6/15/2012,1.5773
6/18/2012,1.5738
6/19/2012,1.6197
6/20/2012,1.6572
6/21/2012,1.6162
6/22/2012,1.6742
6/25/2012,1.6024
6/26/2012,1.6262
6/27/2012,1.6177
6/28/2012,1.5768
6/29/2012,1.6449
7/2/2012,1.5885
7/3/2012,1.6294
7/5/2012,1.5969
7/6/2012,1.5491
7/9/2012,1.5117
7/10/2012,1.5015
7/11/2012,1.5167
7/12/2012,1.4743
7/13/2012,1.4876
7/16/2012,1.4724
7/17/2012,1.5078
7/18/2012,1.4942
7/19/2012,1.5077
7/20/2012,1.4567
7/23/2012,1.4263
7/24/2012,1.3875
7/25/2012,1.3975
7/26/2012,1.4378
7/27/2012,1.5463
7/30/2012,1.5019
7/31/2012,1.4679
8/1/2012,1.524
8/2/2012,1.4779
8/3/2012,1.5631
8/6/2012,1.5664
8/7/2012,1.6283
8/8/2012,1.6491
8/9/2012,1.6881
8/10/2012,1.6573
8/13/2012,1.6642
8/14/2012,1.7378
8/15/2012,1.8155
8/16/2012,1.8346
8/17/2012,1.8105
8/20/2012,1.8053
8/21/2012,1.7984
8/22/2012,1.6916
8/23/2012,1.6779
8/24/2012,1.6865
8/27/2012,1.6506
8/28/2012,1.6335
8/29/2012,1.6506
8/30/2012,1.6233
8/31/2012,1.5484
9/4/2012,1.5722
9/5/2012,1.596
9/6/2012,1.6781
9/7/2012,1.6678
9/10/2012,1.6541
9/11/2012,1.7005
9/12/2012,1.7576
9/13/2012,1.723
9/14/2012,1.866
9/17/2012,1.8415
9/18/2012,1.8083
9/19/2012,1.7718
9/20/2012,1.764
9/21/2012,1.7528
9/24/2012,1.7094
9/25/2012,1.6662
9/26/2012,1.6095
9/27/2012,1.6542
9/28/2012,1.6335
10/1/2012,1.6249
10/2/2012,1.6198
10/3/2012,1.6146
10/4/2012,1.6732
10/5/2012,1.7428
10/9/2012,1.7132
10/10/2012,1.6742
10/11/2012,1.6699
10/12/2012,1.656
10/15/2012,1.663
10/16/2012,1.7186
10/17/2012,1.8185
10/18/2012,1.8344
10/19/2012,1.7633
10/22/2012,1.8134
10/23/2012,1.7572
10/24/2012,1.7889
10/25/2012,1.8233
10/26/2012,1.7451
10/29/2012,1.7189
10/30/2012,1.7189
10/31/2012,1.6901
11/1/2012,1.7242
11/2/2012,1.7147
11/5/2012,1.6841
11/6/2012,1.7507
11/7/2012,1.6466
11/8/2012,1.6148
11/9/2012,1.6063
11/13/2012,1.5945
11/14/2012,1.5911
11/15/2012,1.5928
11/16/2012,1.58
11/19/2012,1.6131
11/20/2012,1.6659
11/21/2012,1.6796
11/23/2012,1.6899
11/26/2012,1.6625
11/27/2012,1.6369
11/28/2012,1.6284
11/29/2012,1.6147
11/30/2012,1.6156
12/3/2012,1.6207
12/4/2012,1.6028
12/5/2012,1.5875
12/6/2012,1.5857
12/7/2012,1.6215
12/10/2012,1.6164
12/11/2012,1.6541
12/12/2012,1.698
12/13/2012,1.7299
12/14/2012,1.7015
12/17/2012,1.7717
12/18/2012,1.817
12/19/2012,1.8014
12/20/2012,1.7962
12/21/2012,1.7623
12/24/2012,1.7737
12/26/2012,1.7511
12/27/2012,1.7364
12/28/2012,1.7009
12/31/2012,1.7574
1/2/2013,1.8371
1/3/2013,1.9121
1/4/2013,1.8991
1/7/2013,1.8974
1/8/2013,1.8683
1/9/2013,1.8568
1/10/2013,1.8958
1/11/2013,1.8677
1/14/2013,1.8448
1/15/2013,1.836
1/16/2013,1.8185
1/17/2013,1.8794
1/18/2013,1.8416
1/22/2013,1.8417
1/23/2013,1.8241
1/24/2013,1.8498
1/25/2013,1.9487
1/28/2013,1.9613
1/29/2013,1.9991
1/30/2013,1.992
1/31/2013,1.9849
2/1/2013,2.0149
2/4/2013,1.9548
2/5/2013,1.998
2/6/2013,1.9603
2/7/2013,1.9568
2/8/2013,1.9499
2/11/2013,1.9635
2/12/2013,1.977
2/13/2013,2.0277
2/14/2013,1.9974
2/15/2013,2.0017
2/19/2013,2.0278
2/20/2013,2.0087
2/21/2013,1.9766
2/22/2013,1.9619
2/25/2013,1.8637
2/26/2013,1.8808
2/27/2013,1.9014
2/28/2013,1.8756
3/1/2013,1.8412
3/4/2013,1.8755
3/5/2013,1.8978
3/6/2013,1.9375
3/7/2013,1.9965
3/8/2013,2.0427
3/11/2013,2.0576
3/12/2013,2.0156
3/13/2013,2.0209
3/14/2013,2.0296
3/15/2013,1.9895
3/18/2013,1.9546
3/19/2013,1.9017
3/20/2013,1.9581
3/21/2013,1.9112
3/22/2013,1.925
3/25/2013,1.9198
3/26/2013,1.9094
3/27/2013,1.8454
3/28/2013,1.8487
4/1/2013,1.8314
4/2/2013,1.859
4/3/2013,1.8106
4/4/2013,1.7625
4/5/2013,1.7128
4/8/2013,1.746
4/9/2013,1.7502
4/10/2013,1.8034
4/11/2013,1.7887
4/12/2013,1.7208
4/15/2013,1.6798
4/16/2013,1.7224
4/17/2013,1.695
4/18/2013,1.6847
4/19/2013,1.7049
4/22/2013,1.6929
4/23/2013,1.7065
4/24/2013,1.7047
4/25/2013,1.708
4/26/2013,1.6633
4/29/2013,1.6701
4/30/2013,1.6717
5/1/2013,1.629
5/2/2013,1.6255
5/3/2013,1.7382
5/6/2013,1.7588
5/7/2013,1.7778
5/8/2013,1.7665
5/9/2013,1.8109
5/10/2013,1.8973
5/13/2013,1.9199
5/14/2013,1.974
5/15/2013,1.9347
5/16/2013,1.8809
5/17/2013,1.9506
5/20/2013,1.9647
5/21/2013,1.9263
5/22/2013,2.0395
5/23/2013,2.0157
5/24/2013,2.0081
5/28/2013,2.1652
5/29/2013,2.1153
5/30/2013,2.111
5/31/2013,2.1282
6/3/2013,2.1193
6/4/2013,2.1462
6/5/2013,2.0892
6/6/2013,2.0769
6/7/2013,2.1718
6/10/2013,2.2097
6/11/2013,2.1846
6/12/2013,2.228
6/13/2013,2.1489
6/14/2013,2.1295
6/17/2013,2.1817
6/18/2013,2.1854
6/19/2013,2.3527
6/20/2013,2.4144
6/21/2013,2.531
6/24/2013,2.5368
6/25/2013,2.6082
6/26/2013,2.5353
6/27/2013,2.4721
6/28/2013,2.4857
7/1/2013,2.4765
7/2/2013,2.4693
7/3/2013,2.5032
7/5/2013,2.7391
7/8/2013,2.6356
7/9/2013,2.634
7/10/2013,2.6238
7/11/2013,2.5721
7/12/2013,2.5821
7/15/2013,2.5372
7/16/2013,2.5317
7/17/2013,2.4888
7/18/2013,2.5284
7/19/2013,2.4839
7/22/2013,2.4804
7/23/2013,2.5049
7/24/2013,2.588
7/25/2013,2.5712
7/26/2013,2.5624
7/29/2013,2.6023
7/30/2013,2.6101
7/31/2013,2.5762
8/1/2013,2.706
8/2/2013,2.596
8/5/2013,2.6333
8/6/2013,2.6421
8/7/2013,2.5986
8/8/2013,2.5892
8/9/2013,2.5784
8/12/2013,2.6206
8/13/2013,2.719
8/14/2013,2.7136
8/15/2013,2.7664
8/16/2013,2.8251
8/19/2013,2.8804
8/20/2013,2.8142
8/21/2013,2.8935
8/22/2013,2.8844
8/23/2013,2.8146
8/26/2013,2.7853
8/27/2013,2.7087
8/28/2013,2.7653
8/29/2013,2.7617
8/30/2013,2.7839
9/3/2013,2.8576
9/4/2013,2.8966
9/5/2013,2.9937
9/6/2013,2.9342
9/9/2013,2.912
9/10/2013,2.9643
9/11/2013,2.9122
9/12/2013,2.9095
9/13/2013,2.8846
9/16/2013,2.8643
9/17/2013,2.8468
9/18/2013,2.6878
9/19/2013,2.7519
9/20/2013,2.7337
9/23/2013,2.6999
9/24/2013,2.6552
9/25/2013,2.628
9/26/2013,2.6498
9/27/2013,2.6245
9/30/2013,2.61
10/1/2013,2.65
10/2/2013,2.6173
10/3/2013,2.6046
10/4/2013,2.6447
10/7/2013,2.6265
10/8/2013,2.632
10/9/2013,2.6631
10/10/2013,2.6814
10/11/2013,2.6871
10/15/2013,2.7276
10/16/2013,2.6633
10/17/2013,2.5894
10/18/2013,2.5777
10/21/2013,2.6014
10/22/2013,2.5124
10/23/2013,2.5016
10/24/2013,2.5197
10/25/2013,2.5088
10/28/2013,2.5233
10/29/2013,2.5034
10/30/2013,2.5378
10/31/2013,2.5542
11/1/2013,2.6218
11/4/2013,2.6035
11/5/2013,2.6696
11/6/2013,2.6421
11/7/2013,2.5999
11/8/2013,2.7477
11/12/2013,2.7728
11/13/2013,2.6995
11/14/2013,2.69
11/15/2013,2.7033
11/18/2013,2.6658
11/19/2013,2.7069
11/20/2013,2.7987
11/21/2013,2.7842
11/22/2013,2.7427
11/25/2013,2.7283
11/26/2013,2.7077
11/27/2013,2.7373
11/29/2013,2.7445
12/2/2013,2.7951
12/3/2013,2.7825
12/4/2013,2.8342
12/5/2013,2.8717
12/6/2013,2.8553
12/9/2013,2.8389
12/10/2013,2.8006
12/11/2013,2.8535
12/12/2013,2.8773
12/13/2013,2.8646
12/16/2013,2.8784
12/17/2013,2.8354
12/18/2013,2.8931
12/19/2013,2.9291
12/20/2013,2.8886
12/23/2013,2.9274
12/24/2013,2.9775
12/26/2013,2.9905
12/27/2013,3
12/30/2013,2.9703
12/31/2013,3.0282
1/2/2014,2.989
1/3/2014,2.9948
1/6/2014,2.9576
1/7/2014,2.9391
1/8/2014,2.9894
1/9/2014,2.9652
1/10/2014,2.8579
1/13/2014,2.8257
1/14/2014,2.8709
1/15/2014,2.8912
1/16/2014,2.8414
1/17/2014,2.8194
1/21/2014,2.8286
1/22/2014,2.8656
1/23/2014,2.7772
1/24/2014,2.715
1/27/2014,2.7479
1/28/2014,2.7488
1/29/2014,2.6767
1/30/2014,2.6949
1/31/2014,2.644
2/3/2014,2.5761
2/4/2014,2.6294
2/5/2014,2.6675
2/6/2014,2.7003
2/7/2014,2.6829
2/10/2014,2.6674
2/11/2014,2.725
2/12/2014,2.7608
2/13/2014,2.732
2/14/2014,2.7428
2/18/2014,2.7069
2/19/2014,2.7392
2/20/2014,2.7509
2/21/2014,2.731
2/24/2014,2.7382
2/25/2014,2.7023
2/26/2014,2.6655
2/27/2014,2.6387
2/28/2014,2.6476
3/3/2014,2.6012
3/4/2014,2.6977
3/5/2014,2.7048
3/6/2014,2.7373
3/7/2014,2.7879
3/10/2014,2.777
3/11/2014,2.768
3/12/2014,2.73
3/13/2014,2.6446
3/14/2014,2.6543
3/17/2014,2.6921
3/18/2014,2.6722
3/19/2014,2.7725
3/20/2014,2.7716
3/21/2014,2.7426
3/24/2014,2.7281
3/25/2014,2.748
3/26/2014,2.6919
3/27/2014,2.681
3/28/2014,2.7208
3/31/2014,2.718
4/1/2014,2.7525
4/2/2014,2.8045
4/3/2014,2.7972
4/4/2014,2.7207
4/7/2014,2.6998
4/8/2014,2.6808
4/9/2014,2.6898
4/10/2014,2.6474
4/11/2014,2.6247
4/14/2014,2.6472
4/15/2014,2.6283
4/16/2014,2.6282
4/17/2014,2.7215
4/21/2014,2.7151
4/22/2014,2.7105
4/23/2014,2.6987
4/24/2014,2.6805
4/25/2014,2.6623
4/28/2014,2.7004
4/29/2014,2.6913
4/30/2014,2.6459
5/1/2014,2.6133
5/2/2014,2.5843
5/5/2014,2.6068
5/6/2014,2.5914
5/7/2014,2.5878
5/8/2014,2.6161
5/9/2014,2.6233
5/12/2014,2.6611
5/13/2014,2.6089
5/14/2014,2.5427
5/15/2014,2.4893
5/16/2014,2.5231
5/19/2014,2.5445
5/20/2014,2.5106
5/21/2014,2.532
5/22/2014,2.5499
5/23/2014,2.532
5/27/2014,2.5142
5/28/2014,2.4431
5/29/2014,2.4644
5/30/2014,2.4759
6/2/2014,2.5267
6/3/2014,2.5985
6/4/2014,2.6021
6/5/2014,2.5824
6/6/2014,2.5869
6/9/2014,2.6032
6/10/2014,2.6439
6/11/2014,2.6394
6/12/2014,2.5951
6/13/2014,2.6033
6/16/2014,2.597
6/17/2014,2.6523
6/18/2014,2.5844
6/19/2014,2.6206
6/20/2014,2.6052
6/23/2014,2.6261
6/24/2014,2.5781
6/25/2014,2.5592
6/26/2014,2.5286
6/27/2014,2.534
6/30/2014,2.5304
7/1/2014,2.5647
7/2/2014,2.6264
7/3/2014,2.6383
7/7/2014,2.611
7/8/2014,2.5557
7/9/2014,2.5503
7/10/2014,2.5359
7/11/2014,2.516
7/14/2014,2.5468
7/15/2014,2.5468
7/16/2014,2.526
7/17/2014,2.4458
7/18/2014,2.4809
7/21/2014,2.4674
7/22/2014,2.4601
7/23/2014,2.4655
7/24/2014,2.5025
7/25/2014,2.4655
7/28/2014,2.4853
7/29/2014,2.4601
7/30/2014,2.5569
7/31/2014,2.5578
8/1/2014,2.4925
8/4/2014,2.4817
8/5/2014,2.4844
8/6/2014,2.4708
8/7/2014,2.4114
8/8/2014,2.4203
8/11/2014,2.4275
8/12/2014,2.4491
8/13/2014,2.4166
8/14/2014,2.4015
8/15/2014,2.3397
8/18/2014,2.3927
8/19/2014,2.3997
8/20/2014,2.4264
8/21/2014,2.4068
8/22/2014,2.4024
8/25/2014,2.382
8/26/2014,2.3962
8/27/2014,2.3573
8/28/2014,2.3361
8/29/2014,2.3431
9/2/2014,2.4211
9/3/2014,2.3962
9/4/2014,2.4497
9/5/2014,2.4587
9/8/2014,2.4712
9/9/2014,2.5036
9/10/2014,2.5414
9/11/2014,2.5496
9/12/2014,2.6105
9/15/2014,2.5887
9/16/2014,2.5924
9/17/2014,2.6198
9/18/2014,2.6144
9/19/2014,2.5745
9/22/2014,2.5636
9/23/2014,2.5275
9/24/2014,2.5637
9/25/2014,2.5022
9/26/2014,2.5276
9/29/2014,2.4771
9/30/2014,2.4888
10/1/2014,2.3856
10/2/2014,2.425
10/3/2014,2.434
10/6/2014,2.4196
10/7/2014,2.3391
10/8/2014,2.3213
10/9/2014,2.3133
10/10/2014,2.2804
10/14/2014,2.1973
10/15/2014,2.1358
10/16/2014,2.1559
10/17/2014,2.1936
10/20/2014,2.1909
10/21/2014,2.2217
10/22/2014,2.2164
10/23/2014,2.2712
10/24/2014,2.2685
10/27/2014,2.2605
10/28/2014,2.296
10/29/2014,2.3174
10/30/2014,2.3058
10/31/2014,2.3353
11/3/2014,2.3425
11/4/2014,2.3335
11/5/2014,2.3424
11/6/2014,2.3856
11/7/2014,2.2976
11/10/2014,2.3604
11/12/2014,2.3712
11/13/2014,2.3399
11/14/2014,2.3204
11/17/2014,2.3399
11/18/2014,2.3151
11/19/2014,2.3594
11/20/2014,2.3373
11/21/2014,2.3099
11/24/2014,2.3064
11/25/2014,2.257
11/26/2014,2.2447
11/28/2014,2.164
12/1/2014,2.235
12/2/2014,2.2923
12/3/2014,2.2799
12/4/2014,2.2341
12/5/2014,2.3065
12/8/2014,2.257
12/9/2014,2.2129
12/10/2014,2.1638
12/11/2014,2.162
12/12/2014,2.0817
12/15/2014,2.1182
12/16/2014,2.0591
12/17/2014,2.1356
12/18/2014,2.2075
12/19/2014,2.1618
12/22/2014,2.1583
12/23/2014,2.2614
12/24/2014,2.2632
12/26/2014,2.2499
12/29/2014,2.2021
12/30/2014,2.1871
12/31/2014,2.1712
1/2/2015,2.1105
1/5/2015,2.032
1/6/2015,1.9402
1/7/2015,1.9677
1/8/2015,2.0179
1/9/2015,1.9449
1/12/2015,1.907
1/13/2015,1.9
1/14/2015,1.8553
1/15/2015,1.7149
1/16/2015,1.8368
1/20/2015,1.788
1/21/2015,1.8717
1/22/2015,1.8631
1/23/2015,1.7968
1/26/2015,1.8241
1/27/2015,1.8231
1/28/2015,1.7207
1/29/2015,1.7512
1/30/2015,1.6407
2/2/2015,1.6642
2/3/2015,1.7915
2/4/2015,1.7513
2/5/2015,1.8204
2/6/2015,1.9567
2/9/2015,1.9775
2/10/2015,1.9967
2/11/2015,2.0176
2/12/2015,1.9844
2/13/2015,2.0504
2/17/2015,2.1379
2/18/2015,2.08
2/19/2015,2.1142
2/20/2015,2.1117
2/23/2015,2.0574
2/24/2015,1.98
2/25/2015,1.9688
2/26/2015,2.0295
2/27/2015,1.993
3/2/2015,2.082
3/3/2015,2.1189
3/4/2015,2.1172
3/5/2015,2.1154
3/6/2015,2.2414
3/9/2015,2.1907
3/10/2015,2.1297
3/11/2015,2.1086
3/12/2015,2.1156
3/13/2015,2.114
3/16/2015,2.0717
3/17/2015,2.0507
3/18/2015,1.9199
3/19/2015,1.9685
3/20/2015,1.9303
3/23/2015,1.912
3/24/2015,1.8731
3/25/2015,1.925
3/26/2015,1.9894
3/27/2015,1.9615
3/30/2015,1.9475
3/31/2015,1.9231
4/1/2015,1.8573
4/2/2015,1.9117
4/6/2015,1.8952
4/7/2015,1.8848
4/8/2015,1.9047
4/9/2015,1.9596
4/10/2015,1.9473
4/13/2015,1.9272
4/14/2015,1.8985
4/15/2015,1.888
4/16/2015,1.8897
4/17/2015,1.8653
4/20/2015,1.8896
4/21/2015,1.9087
4/22/2015,1.9788
4/23/2015,1.9577
4/24/2015,1.9086
4/27/2015,1.9208
4/28/2015,2.0034
4/29/2015,2.0388
4/30/2015,2.0317
5/1/2015,2.1135
5/4/2015,2.144
5/5/2015,2.1853
5/6/2015,2.2431
5/7/2015,2.18
5/8/2015,2.1478
5/11/2015,2.2797
5/12/2015,2.2489
5/13/2015,2.2926
5/14/2015,2.2301
5/15/2015,2.1424
5/18/2015,2.2337
5/19/2015,2.2886
5/20/2015,2.2479
5/21/2015,2.1898
5/22/2015,2.2092
5/26/2015,2.139
5/27/2015,2.1285
5/28/2015,2.1355
5/29/2015,2.1214
6/1/2015,2.1794
6/2/2015,2.2624
6/3/2015,2.3642
6/4/2015,2.307
6/5/2015,2.4076
6/8/2015,2.3824
6/9/2015,2.4384
6/10/2015,2.4838
6/11/2015,2.3772
6/12/2015,2.3918
6/15/2015,2.3559
6/16/2015,2.3093
6/17/2015,2.3165
6/18/2015,2.3345
6/19/2015,2.2577
6/22/2015,2.3725
6/23/2015,2.4087
6/24/2015,2.3672
6/25/2015,2.4088
6/26/2015,2.4726
6/29/2015,2.3242
6/30/2015,2.3531
7/1/2015,2.4219
7/2/2015,2.3823
7/6/2015,2.285
7/7/2015,2.2582
7/8/2015,2.1922
7/9/2015,2.3211
7/10/2015,2.3972
7/13/2015,2.4538
7/14/2015,2.401
7/15/2015,2.3521
7/16/2015,2.3503
7/17/2015,2.3469
7/20/2015,2.3723
7/21/2015,2.3253
7/22/2015,2.3235
7/23/2015,2.2677
7/24/2015,2.2624
7/27/2015,2.2175
7/28/2015,2.2499
7/29/2015,2.2859
7/30/2015,2.2589
7/31/2015,2.1801
8/3/2015,2.148
8/4/2015,2.2213
8/5/2015,2.2699
8/6/2015,2.2214
8/7/2015,2.1623
8/10/2015,2.2269
8/11/2015,2.1409
8/12/2015,2.148
8/13/2015,2.1854
8/14/2015,2.1977
8/17/2015,2.1678
8/18/2015,2.1925
8/19/2015,2.1256
8/20/2015,2.0679
8/21/2015,2.0365
8/24/2015,2.0034
8/25/2015,2.0714
8/26/2015,2.1752
8/27/2015,2.1841
8/28/2015,2.1806
8/31/2015,2.2179
9/1/2015,2.1524
9/2/2015,2.1843
9/3/2015,2.1596
9/4/2015,2.1244
9/8/2015,2.1828
9/9/2015,2.2006
9/10/2015,2.222
9/11/2015,2.1883
9/14/2015,2.1831
9/15/2015,2.2867
9/16/2015,2.294
9/17/2015,2.1903
9/18/2015,2.1336
9/21/2015,2.2012
9/22/2015,2.1337
9/23/2015,2.1497
9/24/2015,2.1266
9/25/2015,2.1623
9/28/2015,2.0949
9/29/2015,2.0508
9/30/2015,2.0368
10/1/2015,2.0368
10/2/2015,1.9929
10/5/2015,2.0562
10/6/2015,2.0315
10/7/2015,2.0668
10/8/2015,2.104
10/9/2015,2.0881
10/13/2015,2.0439
10/14/2015,1.9718
10/15/2015,2.0175
10/16/2015,2.0334
10/19/2015,2.0228
10/20/2015,2.067
10/21/2015,2.0228
10/22/2015,2.0263
10/23/2015,2.0866
10/26/2015,2.0564
10/27/2015,2.037
10/28/2015,2.1009
10/29/2015,2.1725
10/30/2015,2.1421
11/2/2015,2.1709
11/3/2015,2.2105
11/4/2015,2.225
11/5/2015,2.2323
11/6/2015,2.3252
11/9/2015,2.3436
11/10/2015,2.3419
11/12/2015,2.3116
11/13/2015,2.2658
11/16/2015,2.2676
11/17/2015,2.2658
11/18/2015,2.2728
11/19/2015,2.2482
11/20/2015,2.2623
11/23/2015,2.2377
11/24/2015,2.2377
11/25/2015,2.2341
11/27/2015,2.2201
11/30/2015,2.206
12/1/2015,2.1431
12/2/2015,2.1797
12/3/2015,2.3136
12/4/2015,2.2693
12/7/2015,2.2288
12/8/2015,2.2182
12/9/2015,2.2164
12/10/2015,2.2305
12/11/2015,2.127
12/14/2015,2.2217
12/15/2015,2.2658
12/16/2015,2.296
12/17/2015,2.2234
12/18/2015,2.204
12/21/2015,2.1917
12/22/2015,2.2357
12/23/2015,2.2534
12/24/2015,2.241
12/28/2015,2.2304
12/29/2015,2.305
12/30/2015,2.2943
12/31/2015,2.2694
1/4/2016,2.2428
1/5/2016,2.2357
1/6/2016,2.1702
1/7/2016,2.1455
1/8/2016,2.1156
1/11/2016,2.1754
1/12/2016,2.1032
1/13/2016,2.0927
1/14/2016,2.0874
1/15/2016,2.0347
1/19/2016,2.0556
1/20/2016,1.9824
1/21/2016,2.0311
1/22/2016,2.0519
1/25/2016,2.0012
1/26/2016,1.9942
1/27/2016,1.9993
1/28/2016,1.9784
1/29/2016,1.9209
2/1/2016,1.9486
2/2/2016,1.8448
2/3/2016,1.8861
2/4/2016,1.8395
2/5/2016,1.8357
2/8/2016,1.7483
2/9/2016,1.726
2/10/2016,1.6681
2/11/2016,1.659
2/12/2016,1.7481
2/16/2016,1.7723
2/17/2016,1.819
2/18/2016,1.7396
2/19/2016,1.7449
2/22/2016,1.7518
2/23/2016,1.7225
2/24/2016,1.7484
2/25/2016,1.7157
2/26/2016,1.7623
2/29/2016,1.7347
3/1/2016,1.8249
3/2/2016,1.8406
3/3/2016,1.8337
3/4/2016,1.8741
3/7/2016,1.9057
3/8/2016,1.8287
3/9/2016,1.876
3/10/2016,1.9323
3/11/2016,1.9839
3/14/2016,1.9592
3/15/2016,1.9699
3/16/2016,1.9081
3/17/2016,1.8958
3/18/2016,1.8732
3/21/2016,1.9155
3/22/2016,1.9403
3/23/2016,1.8786
3/24/2016,1.9
3/28/2016,1.886
3/29/2016,1.8035
3/30/2016,1.8228
3/31/2016,1.7687
4/1/2016,1.7705
4/4/2016,1.7618
4/5/2016,1.7201
4/6/2016,1.7549
4/7/2016,1.6889
4/8/2016,1.7167
4/11/2016,1.7254
4/12/2016,1.7761
4/13/2016,1.7639
4/14/2016,1.7919
4/15/2016,1.7518
4/18/2016,1.7711
4/19/2016,1.7851
4/20/2016,1.845
4/21/2016,1.861
4/22/2016,1.8878
4/25/2016,1.9128
4/26/2016,1.9271
4/27/2016,1.8507
4/28/2016,1.8243
4/29/2016,1.8333
5/2/2016,1.8723
5/3/2016,1.7963
5/4/2016,1.7752
5/5/2016,1.7453
5/6/2016,1.7789
5/9/2016,1.7507
5/10/2016,1.7613
5/11/2016,1.7367
5/12/2016,1.7516
5/13/2016,1.7001
5/16/2016,1.7533
5/17/2016,1.7723
5/18/2016,1.8538
5/19/2016,1.8487
5/20/2016,1.8384
5/23/2016,1.835
5/24/2016,1.8629
5/25/2016,1.8664
5/26/2016,1.8282
5/27/2016,1.851
5/31/2016,1.8458
6/1/2016,1.8354
6/2/2016,1.7989
6/3/2016,1.7004
6/6/2016,1.7367
6/7/2016,1.7177
6/8/2016,1.7022
6/9/2016,1.6867
6/10/2016,1.6404
6/13/2016,1.6096
6/14/2016,1.613
6/15/2016,1.572
6/16/2016,1.5788
6/17/2016,1.6078
6/20/2016,1.6886
6/21/2016,1.7059
6/22/2016,1.6852
6/23/2016,1.7458
6/24/2016,1.5599
6/27/2016,1.4377
6/28/2016,1.4664
6/29/2016,1.5155
6/30/2016,1.4697
7/1/2016,1.4441
7/5/2016,1.375
7/6/2016,1.3682
7/7/2016,1.385
7/8/2016,1.3579
7/11/2016,1.4303
7/12/2016,1.51
7/13/2016,1.4743
7/14/2016,1.5356
7/15/2016,1.5509
7/18/2016,1.5818
7/19/2016,1.5526
7/20/2016,1.5801
7/21/2016,1.556
7/22/2016,1.5663
7/25/2016,1.5731
7/26/2016,1.5611
7/27/2016,1.4976
7/28/2016,1.5044
7/29/2016,1.4531
8/1/2016,1.5214
8/2/2016,1.5558
8/3/2016,1.542
8/4/2016,1.5008
8/5/2016,1.5885
8/8/2016,1.592
8/9/2016,1.547
8/10/2016,1.5074
8/11/2016,1.5593
8/12/2016,1.5135
8/15/2016,1.5576
8/16/2016,1.5746
8/17/2016,1.5491
8/18/2016,1.5356
8/19/2016,1.5781
8/22/2016,1.5424
8/23/2016,1.5458
8/24/2016,1.5611
8/25/2016,1.5731
8/26/2016,1.6296
8/29/2016,1.5595
8/30/2016,1.5663
8/31/2016,1.58
9/1/2016,1.5681
9/2/2016,1.6024
9/6/2016,1.534
9/7/2016,1.5391
9/8/2016,1.599
9/9/2016,1.6749
9/12/2016,1.6629
9/13/2016,1.7271
9/14/2016,1.6976
9/15/2016,1.6907
9/16/2016,1.6926
9/19/2016,1.7118
9/20/2016,1.6892
9/21/2016,1.6511
9/22/2016,1.6183
9/23/2016,1.6184
9/26/2016,1.5839
9/27/2016,1.5564
9/28/2016,1.5719
9/29/2016,1.5599
9/30/2016,1.5944
10/3/2016,1.6221
10/4/2016,1.6864
10/5/2016,1.7021
10/6/2016,1.7372
10/7/2016,1.7181
10/11/2016,1.7638
10/12/2016,1.7692
10/13/2016,1.7411
10/14/2016,1.7977
10/17/2016,1.766
10/18/2016,1.7379
10/19/2016,1.7432
10/20/2016,1.7556
10/21/2016,1.7347
10/24/2016,1.7647
10/25/2016,1.756
10/26/2016,1.7931
10/27/2016,1.8536
10/28/2016,1.8468
10/31/2016,1.8255
11/1/2016,1.8274
11/2/2016,1.8025
11/3/2016,1.8115
11/4/2016,1.7762
11/7/2016,1.8261
11/8/2016,1.8547
11/9/2016,2.0571
11/10/2016,2.1501
11/14/2016,2.2614
11/15/2016,2.2189
11/16/2016,2.2225
11/17/2016,2.3026
11/18/2016,2.3548
11/21/2016,2.3154
11/22/2016,2.3119
11/23/2016,2.3498
11/25/2016,2.3572
11/28/2016,2.3124
11/29/2016,2.291
11/30/2016,2.3809
12/1/2016,2.4481
12/2/2016,2.3831
12/5/2016,2.3941
12/6/2016,2.3887
12/7/2016,2.3401
12/8/2016,2.4071
12/9/2016,2.4675
12/12/2016,2.4712
12/13/2016,2.4713
12/14/2016,2.5707
12/15/2016,2.5967
12/16/2016,2.5916
12/19/2016,2.5382
12/20/2016,2.5586
12/21/2016,2.5348
12/22/2016,2.5515
12/23/2016,2.5373
12/27/2016,2.5596
12/28/2016,2.508
12/29/2016,2.475
12/30/2016,2.4443
1/3/2017,2.4444
1/4/2017,2.439
1/5/2017,2.3443
1/6/2017,2.4193
1/9/2017,2.3647
1/10/2017,2.3757
1/11/2017,2.3721
1/12/2017,2.3631
1/13/2017,2.3964
1/17/2017,2.3253
1/18/2017,2.4296
1/19/2017,2.4739
1/20/2017,2.4668
1/23/2017,2.3971
1/24/2017,2.4652
1/25/2017,2.5116
1/26/2017,2.5043
1/27/2017,2.4843
1/30/2017,2.4881
1/31/2017,2.4531
2/1/2017,2.4699
2/2/2017,2.4737
2/3/2017,2.4648
2/6/2017,2.4077
2/7/2017,2.3931
2/8/2017,2.3363
2/9/2017,2.3948
2/10/2017,2.4073
2/13/2017,2.4358
2/14/2017,2.4698
2/15/2017,2.4932
2/16/2017,2.4467
2/17/2017,2.4146
2/21/2017,2.429
2/22/2017,2.4129
2/23/2017,2.372
2/24/2017,2.3117
2/27/2017,2.365
2/28/2017,2.3899
3/1/2017,2.4526
3/2/2017,2.4779
3/3/2017,2.478
3/6/2017,2.4997
3/7/2017,2.5179
3/8/2017,2.5597
3/9/2017,2.6053
3/10/2017,2.5745
3/13/2017,2.6258
3/14/2017,2.6002
3/15/2017,2.493
3/16/2017,2.5402
3/17/2017,2.5005
3/20/2017,2.4607
3/21/2017,2.4175
3/22/2017,2.405
3/23/2017,2.4194
3/24/2017,2.4123
3/27/2017,2.3782
3/28/2017,2.4178
3/29/2017,2.3765
3/30/2017,2.4197
3/31/2017,2.3874
4/3/2017,2.3193
4/4/2017,2.3605
4/5/2017,2.3354
4/6/2017,2.3408
4/7/2017,2.3822
4/10/2017,2.3661
4/11/2017,2.2962
4/12/2017,2.2392
4/13/2017,2.2374
4/17/2017,2.2498
4/18/2017,2.1682
4/19/2017,2.2143
4/20/2017,2.232
4/21/2017,2.248
4/24/2017,2.273
4/25/2017,2.3322
4/26/2017,2.3035
4/27/2017,2.2946
4/28/2017,2.2802
5/1/2017,2.318
5/2/2017,2.2803
5/3/2017,2.318
5/4/2017,2.3541
5/5/2017,2.3487
5/8/2017,2.3868
5/9/2017,2.3977
5/10/2017,2.4141
5/11/2017,2.3874
5/12/2017,2.3257
5/15/2017,2.3433
5/16/2017,2.3257
5/17/2017,2.2243
5/18/2017,2.2294
5/19/2017,2.2346
5/22/2017,2.2537
5/23/2017,2.2799
5/24/2017,2.2502
5/25/2017,2.2554
5/26/2017,2.2465
5/30/2017,2.2098
5/31/2017,2.2028
6/1/2017,2.2114
6/2/2017,2.1591
6/5/2017,2.1817
6/6/2017,2.1451
6/7/2017,2.1729
6/8/2017,2.1885
6/9/2017,2.2005
6/12/2017,2.2145
6/13/2017,2.2109
6/14/2017,2.1256
6/15/2017,2.1637
6/16/2017,2.1514
6/19/2017,2.1879
6/20/2017,2.1565
6/21/2017,2.1634
6/22/2017,2.1477
6/23/2017,2.1423
6/26/2017,2.137
6/27/2017,2.2051
6/28/2017,2.2279
6/29/2017,2.2666
6/30/2017,2.3037
7/3/2017,2.3499
7/5/2017,2.3231
7/6/2017,2.3659
7/7/2017,2.3856
7/10/2017,2.373
7/11/2017,2.3605
7/12/2017,2.3177
7/13/2017,2.3444
7/14/2017,2.3319
7/17/2017,2.3141
7/18/2017,2.259
7/19/2017,2.2696
7/20/2017,2.2589
7/21/2017,2.2375
7/24/2017,2.2552
7/25/2017,2.3354
7/26/2017,2.2872
7/27/2017,2.3103
7/28/2017,2.2889
7/31/2017,2.2942
8/1/2017,2.2532
8/2/2017,2.271
8/3/2017,2.2212
8/4/2017,2.262
8/7/2017,2.253
8/8/2017,2.2619
8/9/2017,2.2476
8/10/2017,2.1975
8/11/2017,2.1888
8/14/2017,2.2185
8/15/2017,2.2728
8/16/2017,2.222
8/17/2017,2.1853
8/18/2017,2.1939
8/21/2017,2.1817
8/22/2017,2.2131
8/23/2017,2.166
8/24/2017,2.1939
8/25/2017,2.1659
8/28/2017,2.1571
8/29/2017,2.1292
8/30/2017,2.1309
8/31/2017,2.117
9/1/2017,2.1657
9/5/2017,2.0596
9/6/2017,2.1046
9/7/2017,2.0387
9/8/2017,2.0507
9/11/2017,2.1306
9/12/2017,2.1672
9/13/2017,2.1883
9/14/2017,2.1847
9/15/2017,2.2023
9/18/2017,2.2287
9/19/2017,2.2446
9/20/2017,2.2676
9/21/2017,2.2765
9/22/2017,2.2499
9/25/2017,2.2198
9/26/2017,2.2357
9/27/2017,2.3103
9/28/2017,2.3085
9/29/2017,2.3336
10/2/2017,2.3408
10/3/2017,2.3229
10/4/2017,2.3229
10/5/2017,2.348
10/6/2017,2.3589
10/10/2017,2.3607
10/11/2017,2.3481
10/12/2017,2.3177
10/13/2017,2.273
10/16/2017,2.3034
10/17/2017,2.2998
10/18/2017,2.3465
10/19/2017,2.3178
10/20/2017,2.3845
10/23/2017,2.3664
10/24/2017,2.4189
10/25/2017,2.4317
10/26/2017,2.4609
10/27/2017,2.4064
10/30/2017,2.3684
10/31/2017,2.3793
11/1/2017,2.3721
11/2/2017,2.345
11/3/2017,2.3325
11/6/2017,2.3163
11/7/2017,2.3145
11/8/2017,2.3343
11/9/2017,2.3416
11/10/2017,2.3984
11/13/2017,2.4055
11/14/2017,2.3717
11/15/2017,2.3222
11/16/2017,2.3753
11/17/2017,2.3435
11/20/2017,2.3666
11/21/2017,2.3559
11/22/2017,2.3187
11/24/2017,2.3418
11/27/2017,2.3277
11/28/2017,2.3277
11/29/2017,2.3882
11/30/2017,2.4097
12/1/2017,2.3615
12/4/2017,2.3723
12/5/2017,2.3509
12/6/2017,2.3385
12/7/2017,2.3634
12/8/2017,2.376
12/11/2017,2.3886
12/12/2017,2.4011
12/13/2017,2.3422
12/14/2017,2.3493
12/15/2017,2.353
12/18/2017,2.3942
12/19/2017,2.4644
12/20/2017,2.497
12/21/2017,2.4826
12/22/2017,2.481
12/26/2017,2.4756
12/27/2017,2.4107
12/28/2017,2.4305
12/29/2017,2.4054
1/2/2018,2.4633
1/3/2018,2.4471
1/4/2018,2.4525
1/5/2018,2.4763
1/8/2018,2.48
1/9/2018,2.553
1/10/2018,2.5568
1/11/2018,2.5367
1/12/2018,2.5462
1/16/2018,2.5371
1/17/2018,2.5904
1/18/2018,2.6256
1/19/2018,2.6592
1/22/2018,2.65
1/23/2018,2.6131
1/24/2018,2.6465
1/25/2018,2.617
1/26/2018,2.6599
1/29/2018,2.6936
1/30/2018,2.7199
1/31/2018,2.705
2/1/2018,2.7896
2/2/2018,2.8411
2/5/2018,2.7056
2/6/2018,2.8016
2/7/2018,2.8359
2/8/2018,2.824
2/9/2018,2.8512
2/12/2018,2.8585
2/13/2018,2.8294
2/14/2018,2.9022
2/15/2018,2.9095
2/16/2018,2.8749
2/20/2018,2.8896
2/21/2018,2.95
2/22/2018,2.9207
2/23/2018,2.866
2/26/2018,2.8623
2/27/2018,2.8934
2/28/2018,2.8606
3/1/2018,2.8078
3/2/2018,2.8643
3/5/2018,2.8808
3/6/2018,2.8863
3/7/2018,2.8827
3/8/2018,2.8571
3/9/2018,2.8938
3/12/2018,2.8681
3/13/2018,2.8426
3/14/2018,2.817
3/15/2018,2.828
3/16/2018,2.8445
3/19/2018,2.8555
3/20/2018,2.8959
3/21/2018,2.883
3/22/2018,2.8244
3/23/2018,2.8135
3/26/2018,2.852
3/27/2018,2.7753
3/28/2018,2.7807
3/29/2018,2.7389
4/2/2018,2.7298
4/3/2018,2.7753
4/4/2018,2.8027
4/5/2018,2.832
4/6/2018,2.7735
4/9/2018,2.779
4/10/2018,2.8009
4/11/2018,2.7808
4/12/2018,2.8358
4/13/2018,2.8267
4/16/2018,2.8267
4/17/2018,2.8285
4/18/2018,2.8728
4/19/2018,2.9098
4/20/2018,2.9602
4/23/2018,2.9752
4/24/2018,2.9995
4/25/2018,3.0259
4/26/2018,2.9809
4/27/2018,2.9568
4/30/2018,2.9531
5/1/2018,2.9644
5/2/2018,2.9663
5/3/2018,2.9458
5/4/2018,2.9497
5/7/2018,2.9497
5/8/2018,2.976
5/9/2018,3.0042
5/10/2018,2.9622
5/11/2018,2.9695
5/14/2018,3.0024
5/15/2018,3.0723
5/16/2018,3.0964
5/17/2018,3.1112
5/18/2018,3.0559
5/21/2018,3.0596
5/22/2018,3.0597
5/23/2018,2.9935
5/24/2018,2.977
5/25/2018,2.9313
5/29/2018,2.781
5/30/2018,2.855
5/31/2018,2.8586
6/1/2018,2.9022
6/4/2018,2.9424
6/5/2018,2.9277
6/6/2018,2.9717
6/7/2018,2.9204
6/8/2018,2.9461
6/11/2018,2.9516
6/12/2018,2.9608
6/13/2018,2.9663
6/14/2018,2.9351
6/15/2018,2.9205
6/18/2018,2.9169
6/19/2018,2.8967
6/20/2018,2.9389
6/21/2018,2.8967
6/22/2018,2.8949
6/25/2018,2.8803
6/26/2018,2.8766
6/27/2018,2.8256
6/28/2018,2.8365
6/29/2018,2.8601
7/2/2018,2.8711
7/3/2018,2.8309
7/5/2018,2.8291
7/6/2018,2.8217
7/9/2018,2.8564
7/10/2018,2.8491
7/11/2018,2.8491
7/12/2018,2.8454
7/13/2018,2.8271
7/16/2018,2.8582
7/17/2018,2.86
7/18/2018,2.8692
7/19/2018,2.838
7/20/2018,2.8931
7/23/2018,2.9541
7/24/2018,2.9486
7/25/2018,2.9746
7/26/2018,2.9764
7/27/2018,2.9542
7/30/2018,2.9728
7/31/2018,2.9598
8/1/2018,3.0064
8/2/2018,2.9859
8/3/2018,2.9488
8/6/2018,2.9395
8/7/2018,2.973
8/8/2018,2.96
8/9/2018,2.9258
8/10/2018,2.8732
8/13/2018,2.8786
8/14/2018,2.8985
8/15/2018,2.8623
8/16/2018,2.8659
8/17/2018,2.8605
8/20/2018,2.819
8/21/2018,2.8298
8/22/2018,2.8189
8/23/2018,2.8261
8/24/2018,2.8098
8/27/2018,2.8459
8/28/2018,2.8804
8/29/2018,2.884
8/30/2018,2.855
8/31/2018,2.8604
9/4/2018,2.8985
9/5/2018,2.9022
9/6/2018,2.8731
9/7/2018,2.9388
9/10/2018,2.9314
9/11/2018,2.9755
9/12/2018,2.9626
9/13/2018,2.97
9/14/2018,2.9959
9/17/2018,2.9867
9/18/2018,3.0551
9/19/2018,3.0626
9/20/2018,3.0626
9/21/2018,3.0628
9/24/2018,3.0889
9/25/2018,3.0964
9/26/2018,3.048
9/27/2018,3.0518
9/28/2018,3.0612
10/1/2018,3.0836
10/2/2018,3.0631
10/3/2018,3.1813
10/4/2018,3.187
10/5/2018,3.2328
10/9/2018,3.2063
10/10/2018,3.1629
10/11/2018,3.1498
10/12/2018,3.1613
10/15/2018,3.1557
10/16/2018,3.1633
10/17/2018,3.205
10/18/2018,3.1786
10/19/2018,3.1921
10/22/2018,3.1978
10/23/2018,3.1676
10/24/2018,3.1035
10/25/2018,3.1167
10/26/2018,3.0755
10/29/2018,3.0849
10/30/2018,3.1227
10/31/2018,3.1435
11/1/2018,3.1303
11/2/2018,3.2121
11/5/2018,3.2008
11/6/2018,3.2276
11/7/2018,3.2355
11/8/2018,3.2373
11/9/2018,3.1819
11/13/2018,3.1397
11/14/2018,3.125
11/15/2018,3.1103
11/16/2018,3.0628
11/19/2018,3.0628
11/20/2018,3.0628
11/21/2018,3.0627
11/23/2018,3.039
11/26/2018,3.0535
11/27/2018,3.0572
11/28/2018,3.059
11/29/2018,3.0298
11/30/2018,2.9879
12/3/2018,2.9697
12/4/2018,2.9136
12/5/2018,2.9136
12/6/2018,2.8955
12/7/2018,2.845
12/10/2018,2.8575
12/11/2018,2.879
12/12/2018,2.9096
12/13/2018,2.9131
12/14/2018,2.8895
12/17/2018,2.857
12/18/2018,2.8175
12/19/2018,2.7548
12/20/2018,2.8065
12/21/2018,2.7902
12/24/2018,2.7383
12/26/2018,2.8079
12/27/2018,2.7666
12/28/2018,2.7182
12/31/2018,2.6842
1/2/2019,2.6204
1/3/2019,2.5535
1/4/2019,2.6677
1/7/2019,2.696
1/8/2019,2.728
1/9/2019,2.71
1/10/2019,2.7421
1/11/2019,2.7007
1/14/2019,2.7024
1/15/2019,2.7112
1/16/2019,2.7218
1/17/2019,2.7504
1/18/2019,2.7842
1/22/2019,2.7392
1/23/2019,2.7409
1/24/2019,2.7157
1/25/2019,2.7585
1/28/2019,2.744
1/29/2019,2.7098
1/30/2019,2.6775
1/31/2019,2.6293
2/1/2019,2.6842
2/4/2019,2.7235
2/5/2019,2.6983
2/6/2019,2.6946
2/7/2019,2.6572
2/8/2019,2.6339
2/11/2019,2.6536
2/12/2019,2.6877
2/13/2019,2.7021
2/14/2019,2.6536
2/15/2019,2.6626
2/19/2019,2.6339
2/20/2019,2.6447
2/21/2019,2.6914
2/22/2019,2.6518
2/25/2019,2.6626
2/26/2019,2.6357
2/27/2019,2.6825
2/28/2019,2.715
3/1/2019,2.7531
3/4/2019,2.7223
3/5/2019,2.7169
3/6/2019,2.6934
3/7/2019,2.6393
3/8/2019,2.6285
3/11/2019,2.6393
3/12/2019,2.6015
3/13/2019,2.6213
3/14/2019,2.6303
3/15/2019,2.5871
3/18/2019,2.6033
3/19/2019,2.6123
3/20/2019,2.5263
3/21/2019,2.5369
3/22/2019,2.439
3/25/2019,2.3983
3/26/2019,2.423
3/27/2019,2.3665
3/28/2019,2.3946
3/29/2019,2.405
4/1/2019,2.5009
4/2/2019,2.4741
4/3/2019,2.5241
4/4/2019,2.5151
4/5/2019,2.4954
4/8/2019,2.5222
4/9/2019,2.5006
4/10/2019,2.4649
4/11/2019,2.497
4/12/2019,2.5651
4/15/2019,2.5543
4/16/2019,2.5904
4/17/2019,2.594
4/18/2019,2.5596
4/22/2019,2.5885
4/23/2019,2.565
4/24/2019,2.5181
4/25/2019,2.5325
4/26/2019,2.4982
4/29/2019,2.5252
4/30/2019,2.5018
5/1/2019,2.4999
5/2/2019,2.5414
5/3/2019,2.525
5/6/2019,2.4692
5/7/2019,2.4566
5/8/2019,2.4835
5/9/2019,2.4423
5/10/2019,2.4672
5/13/2019,2.4015
5/14/2019,2.4104
5/15/2019,2.3732
5/16/2019,2.3944
5/17/2019,2.3909
5/20/2019,2.4157
5/21/2019,2.4264
5/22/2019,2.382
5/23/2019,2.3185
5/24/2019,2.3202
5/28/2019,2.2658
5/29/2019,2.2605
5/30/2019,2.2133
5/31/2019,2.1246
6/3/2019,2.071
6/4/2019,2.1296
6/5/2019,2.1348
6/6/2019,2.1174
6/7/2019,2.0809
6/10/2019,2.1484
6/11/2019,2.1431
6/12/2019,2.1205
6/13/2019,2.0945
6/14/2019,2.0804
6/17/2019,2.0942
6/18/2019,2.0595
6/19/2019,2.0233
6/20/2019,2.0284
6/21/2019,2.054
6/24/2019,2.0143
6/25/2019,1.985
6/26/2019,2.0468
6/27/2019,2.014
6/28/2019,2.0051
7/1/2019,2.024
7/2/2019,1.974
7/3/2019,1.9498
7/5/2019,2.0338
7/8/2019,2.0476
7/9/2019,2.0648
7/10/2019,2.0613
7/11/2019,2.1378
7/12/2019,2.1219
7/15/2019,2.0887
7/16/2019,2.1026
7/17/2019,2.0451
7/18/2019,2.0242
7/19/2019,2.0552
7/22/2019,2.0464
7/23/2019,2.0812
7/24/2019,2.0428
7/25/2019,2.081
7/26/2019,2.0703
7/29/2019,2.065
7/30/2019,2.058
7/31/2019,2.0144
8/1/2019,1.8935
8/2/2019,1.8452
8/5/2019,1.7075
8/6/2019,1.7023
8/7/2019,1.7342
8/8/2019,1.7172
8/9/2019,1.7447
8/12/2019,1.6454
8/13/2019,1.7035
8/14/2019,1.5792
8/15/2019,1.5269
8/16/2019,1.5538
8/19/2019,1.6063
8/20/2019,1.5555
8/21/2019,1.5893
8/22/2019,1.6131
8/23/2019,1.5351
8/26/2019,1.5351
8/27/2019,1.4711
8/28/2019,1.4794
8/29/2019,1.4945
8/30/2019,1.4961
9/3/2019,1.4573
9/4/2019,1.4657
9/5/2019,1.5586
9/6/2019,1.5602
9/9/2019,1.6438
9/10/2019,1.7316
9/11/2019,1.7385
9/12/2019,1.7715
9/13/2019,1.8958
9/16/2019,1.8467
9/17/2019,1.8013
9/18/2019,1.7961
9/19/2019,1.784
9/20/2019,1.7215
9/23/2019,1.7267
9/24/2019,1.6456
9/25/2019,1.7372
9/26/2019,1.6921
9/27/2019,1.6801
9/30/2019,1.6646
10/1/2019,1.6353
10/2/2019,1.5992
10/3/2019,1.5341
10/4/2019,1.529
10/7/2019,1.558
10/8/2019,1.5289
10/9/2019,1.5836
10/10/2019,1.6681
10/11/2019,1.729
10/15/2019,1.771
10/16/2019,1.7395
10/17/2019,1.7518
10/18/2019,1.7536
10/21/2019,1.7993
10/22/2019,1.7607
10/23/2019,1.7642
10/24/2019,1.766
10/25/2019,1.7943
10/28/2019,1.842
10/29/2019,1.8385
10/30/2019,1.7715
10/31/2019,1.691
11/1/2019,1.7103
11/4/2019,1.777
11/5/2019,1.8584
11/6/2019,1.8283
11/7/2019,1.9173
11/8/2019,1.9417
11/12/2019,1.9347
11/13/2019,1.886
11/14/2019,1.8186
11/15/2019,1.8308
11/18/2019,1.8153
11/19/2019,1.7826
11/20/2019,1.7449
11/21/2019,1.7723
11/22/2019,1.7706
11/25/2019,1.7551
11/26/2019,1.7414
11/27/2019,1.7654
11/29/2019,1.7758
12/2/2019,1.8189
12/3/2019,1.7157
12/4/2019,1.774
12/5/2019,1.8103
12/6/2019,1.8363
12/9/2019,1.819
12/10/2019,1.8416
12/11/2019,1.7914
12/12/2019,1.8922
12/13/2019,1.8226
12/16/2019,1.8713
12/17/2019,1.8801
12/18/2019,1.9169
12/19/2019,1.9204
12/20/2019,1.9171
12/23/2019,1.9294
12/24/2019,1.8996
12/26/2019,1.8944
12/27/2019,1.8752
12/30/2019,1.8788
12/31/2019,1.9175
1/2/2020,1.8771
1/3/2020,1.7881
1/6/2020,1.809
1/7/2020,1.8177
1/8/2020,1.8738
1/9/2020,1.8545
1/10/2020,1.8196
1/13/2020,1.8459
1/14/2020,1.8109
1/15/2020,1.783
1/16/2020,1.8074
1/17/2020,1.8215
1/21/2020,1.7743
1/22/2020,1.7691
1/23/2020,1.7325
1/24/2020,1.6839
1/27/2020,1.608
1/28/2020,1.6562
1/29/2020,1.5839
1/30/2020,1.5856
1/31/2020,1.5068
2/3/2020,1.5272
2/4/2020,1.5991
2/5/2020,1.6508
2/6/2020,1.6422
2/7/2020,1.5834
2/10/2020,1.5696
2/11/2020,1.6006
2/12/2020,1.6333
2/13/2020,1.6173
2/14/2020,1.5848
2/18/2020,1.561
2/19/2020,1.5661
2/20/2020,1.5152
2/21/2020,1.4713
2/24/2020,1.3705
2/25/2020,1.3521
2/26/2020,1.3371
2/27/2020,1.2607
2/28/2020,1.1486
3/2/2020,1.1632
3/3/2020,0.999
3/4/2020,1.0522
3/5/2020,0.912
3/6/2020,0.7623
3/9/2020,0.5407
3/10/2020,0.803
3/11/2020,0.8695
3/12/2020,0.8042
3/13/2020,0.9603
3/16/2020,0.7182
3/17/2020,1.0784
3/18/2020,1.1915
3/19/2020,1.1404
3/20/2020,0.8454
3/23/2020,0.7863
3/24/2020,0.8466
3/25/2020,0.8673
3/26/2020,0.8447
3/27/2020,0.6746
3/30/2020,0.7264
3/31/2020,0.6695
4/1/2020,0.5832
4/2/2020,0.597
4/3/2020,0.5948
4/6/2020,0.6698
4/7/2020,0.7122
4/8/2020,0.7722
4/9/2020,0.7191
4/13/2020,0.7713
4/14/2020,0.752
4/15/2020,0.6316
4/16/2020,0.6267
4/17/2020,0.6417
4/20/2020,0.6053
4/21/2020,0.5691
4/22/2020,0.619
4/23/2020,0.6015
4/24/2020,0.6008
4/27/2020,0.6605
4/28/2020,0.6129
4/29/2020,0.6269
4/30/2020,0.6393
5/1/2020,0.6118
5/4/2020,0.6336
5/5/2020,0.6619
5/6/2020,0.703
5/7/2020,0.6409
5/8/2020,0.6831
5/11/2020,0.7099
5/12/2020,0.6651
5/13/2020,0.6525
5/14/2020,0.6218
5/15/2020,0.6428
5/18/2020,0.7257
5/19/2020,0.6882
5/20/2020,0.6801
5/21/2020,0.672
5/22/2020,0.6591
5/26/2020,0.6965
5/27/2020,0.6819
5/28/2020,0.69
5/29/2020,0.6526
6/1/2020,0.6591
6/2/2020,0.6852
6/3/2020,0.7458
6/4/2020,0.8234
6/5/2020,0.8951
6/8/2020,0.8752
6/9/2020,0.8253
6/10/2020,0.7263
6/11/2020,0.669
6/12/2020,0.7034
6/15/2020,0.7215
6/16/2020,0.7528
6/17/2020,0.738
6/18/2020,0.7084
6/19/2020,0.6937
6/22/2020,0.7085
6/23/2020,0.7118
6/24/2020,0.679
6/25/2020,0.6856
6/26/2020,0.6413
6/29/2020,0.6234
6/30/2020,0.6561
7/1/2020,0.6758
7/2/2020,0.6693
7/6/2020,0.6759
7/7/2020,0.6397
7/8/2020,0.6644
7/9/2020,0.6135
7/10/2020,0.6447
7/13/2020,0.6184
7/14/2020,0.6233
