Date,Last Price
1/23/1997,5.585
1/24/1997,5.594
1/27/1997,5.616
1/28/1997,5.571
1/29/1997,5.559
1/30/1997,5.548
1/31/1997,5.573
2/3/1997,5.529
2/4/1997,5.518
2/5/1997,5.518
2/6/1997,5.528
2/7/1997,5.471
2/10/1997,5.493
2/11/1997,5.492
2/12/1997,5.491
2/13/1997,5.458
2/14/1997,5.422
2/18/1997,5.432
2/19/1997,5.443
2/20/1997,5.454
2/21/1997,5.452
2/24/1997,5.462
2/25/1997,5.472
2/26/1997,5.592
2/27/1997,5.614
2/28/1997,5.672
3/3/1997,5.683
3/4/1997,5.705
3/5/1997,5.683
3/6/1997,5.715
3/7/1997,5.658
3/10/1997,5.68
3/11/1997,5.679
3/12/1997,5.678
3/13/1997,5.722
3/14/1997,5.709
3/17/1997,5.752
3/18/1997,5.751
3/19/1997,5.762
3/20/1997,5.794
3/21/1997,5.836
3/24/1997,5.813
3/25/1997,5.879
3/26/1997,5.878
3/27/1997,6.025
3/31/1997,6.003
4/1/1997,5.981
4/2/1997,5.959
4/3/1997,5.947
4/4/1997,5.967
4/7/1997,5.933
4/8/1997,5.955
4/9/1997,5.954
4/10/1997,5.964
4/11/1997,6.006
4/14/1997,6.017
4/15/1997,5.95
4/16/1997,5.96
4/17/1997,5.926
4/18/1997,5.902
4/21/1997,5.923
4/22/1997,5.923
4/23/1997,5.955
4/24/1997,5.987
4/25/1997,6.07
4/28/1997,6.048
4/29/1997,5.904
4/30/1997,5.893
5/1/1997,5.87
5/2/1997,5.868
5/5/1997,5.867
5/6/1997,5.877
5/7/1997,5.943
5/8/1997,5.92
5/9/1997,5.841
5/12/1997,5.829
5/13/1997,5.861
5/14/1997,5.817
5/15/1997,5.805
5/16/1997,5.836
5/19/1997,5.857
5/20/1997,5.769
5/21/1997,5.768
5/22/1997,5.778
5/23/1997,5.848
5/27/1997,5.859
5/28/1997,5.871
5/29/1997,5.826
5/30/1997,5.768
6/2/1997,5.768
6/3/1997,5.745
6/4/1997,5.755
6/5/1997,5.744
6/6/1997,5.676
6/9/1997,5.719
6/10/1997,5.729
6/11/1997,5.729
6/12/1997,5.651
6/13/1997,5.616
6/16/1997,5.605
6/17/1997,5.626
6/18/1997,5.614
6/19/1997,5.625
6/20/1997,5.628
6/23/1997,5.661
6/24/1997,5.639
6/25/1997,5.639
6/26/1997,5.627
6/27/1997,5.614
6/30/1997,5.657
7/1/1997,5.635
7/2/1997,5.623
7/3/1997,5.555
7/7/1997,5.521
7/8/1997,5.521
7/9/1997,5.509
7/10/1997,5.508
7/11/1997,5.496
7/14/1997,5.517
7/15/1997,5.516
7/16/1997,5.494
7/17/1997,5.493
7/18/1997,5.562
7/21/1997,5.584
7/22/1997,5.507
7/23/1997,5.518
7/24/1997,5.517
7/25/1997,5.515
7/28/1997,5.493
7/29/1997,5.459
7/30/1997,5.436
7/31/1997,5.425
8/1/1997,5.5
8/4/1997,5.499
8/5/1997,5.521
8/6/1997,5.498
8/7/1997,5.508
8/8/1997,5.572
8/11/1997,5.605
8/12/1997,5.615
8/13/1997,5.559
8/14/1997,5.515
8/15/1997,5.496
8/18/1997,5.496
8/19/1997,5.507
8/20/1997,5.518
8/21/1997,5.55
8/22/1997,5.559
8/25/1997,5.591
8/26/1997,5.58
8/27/1997,5.59
8/28/1997,5.535
8/29/1997,5.565
9/2/1997,5.531
9/3/1997,5.564
9/4/1997,5.574
9/5/1997,5.561
9/8/1997,5.572
9/9/1997,5.56
9/10/1997,5.581
9/11/1997,5.592
9/12/1997,5.529
9/15/1997,5.529
9/16/1997,5.452
9/17/1997,5.452
9/18/1997,5.473
9/19/1997,5.46
9/22/1997,5.449
9/23/1997,5.47
9/24/1997,5.458
9/25/1997,5.48
9/26/1997,5.445
9/29/1997,5.444
9/30/1997,5.444
10/1/1997,5.41
10/2/1997,5.41
10/3/1997,5.375
10/6/1997,5.375
10/7/1997,5.352
10/8/1997,5.439
10/9/1997,5.438
10/10/1997,5.54
10/14/1997,5.496
10/15/1997,5.518
10/16/1997,5.495
10/17/1997,5.548
10/20/1997,5.547
10/21/1997,5.547
10/22/1997,5.568
10/23/1997,5.458
10/24/1997,5.423
10/27/1997,5.215
10/28/1997,5.4
10/29/1997,5.301
10/30/1997,5.279
10/31/1997,5.353
11/3/1997,5.407
11/4/1997,5.429
11/5/1997,5.395
11/6/1997,5.406
11/7/1997,5.43
11/10/1997,5.452
11/12/1997,5.396
11/13/1997,5.407
11/14/1997,5.427
11/17/1997,5.438
11/18/1997,5.47
11/19/1997,5.458
11/20/1997,5.469
11/21/1997,5.434
11/24/1997,5.444
11/25/1997,5.466
11/26/1997,5.465
11/28/1997,5.495
12/1/1997,5.539
12/2/1997,5.527
12/3/1997,5.494
12/4/1997,5.493
12/5/1997,5.584
12/8/1997,5.617
12/9/1997,5.562
12/10/1997,5.496
12/11/1997,5.451
12/12/1997,5.394
12/15/1997,5.46
12/16/1997,5.448
12/17/1997,5.491
12/18/1997,5.469
12/19/1997,5.489
12/22/1997,5.521
12/23/1997,5.51
12/24/1997,5.519
12/26/1997,5.517
12/29/1997,5.528
12/30/1997,5.516
12/31/1997,5.482
1/2/1998,5.425
1/5/1998,5.338
1/6/1998,5.272
1/7/1998,5.298
1/8/1998,5.188
1/9/1998,5.077
1/12/1998,5.109
1/13/1998,5.185
1/14/1998,5.196
1/15/1998,5.162
1/16/1998,5.226
1/20/1998,5.246
1/21/1998,5.214
1/22/1998,5.18
1/23/1998,5.244
1/26/1998,5.233
1/27/1998,5.308
1/28/1998,5.319
1/29/1998,5.242
1/30/1998,5.221
2/2/1998,5.265
2/3/1998,5.232
2/4/1998,5.221
2/5/1998,5.254
2/6/1998,5.252
2/9/1998,5.262
2/10/1998,5.284
2/11/1998,5.272
2/12/1998,5.261
2/13/1998,5.247
2/17/1998,5.246
2/18/1998,5.268
2/19/1998,5.289
2/20/1998,5.288
2/23/1998,5.331
2/24/1998,5.44
2/25/1998,5.417
2/26/1998,5.428
2/27/1998,5.397
3/2/1998,5.419
3/3/1998,5.441
3/4/1998,5.386
3/5/1998,5.407
3/6/1998,5.383
3/9/1998,5.372
3/10/1998,5.36
3/11/1998,5.36
3/12/1998,5.315
3/13/1998,5.325
3/16/1998,5.324
3/17/1998,5.334
3/18/1998,5.345
3/19/1998,5.355
3/20/1998,5.342
3/23/1998,5.342
3/24/1998,5.352
3/25/1998,5.384
3/26/1998,5.417
3/27/1998,5.419
3/30/1998,5.43
3/31/1998,5.386
4/1/1998,5.353
4/2/1998,5.33
4/3/1998,5.252
4/6/1998,5.284
4/7/1998,5.284
4/8/1998,5.294
4/9/1998,5.325
4/13/1998,5.389
4/14/1998,5.378
4/15/1998,5.356
4/16/1998,5.344
4/17/1998,5.342
4/20/1998,5.375
4/21/1998,5.385
4/22/1998,5.384
4/23/1998,5.395
4/24/1998,5.397
4/27/1998,5.474
4/28/1998,5.474
4/29/1998,5.485
4/30/1998,5.385
5/1/1998,5.405
5/4/1998,5.405
5/5/1998,5.426
5/6/1998,5.393
5/7/1998,5.414
5/8/1998,5.423
5/11/1998,5.466
5/12/1998,5.444
5/13/1998,5.421
5/14/1998,5.454
5/15/1998,5.452
5/18/1998,5.429
5/19/1998,5.429
5/20/1998,5.406
5/21/1998,5.438
5/22/1998,5.452
5/26/1998,5.43
5/27/1998,5.419
5/28/1998,5.418
5/29/1998,5.416
6/1/1998,5.394
6/2/1998,5.393
6/3/1998,5.393
6/4/1998,5.425
6/5/1998,5.434
6/8/1998,5.444
6/9/1998,5.444
6/10/1998,5.421
6/11/1998,5.355
6/12/1998,5.321
6/15/1998,5.309
6/16/1998,5.374
6/17/1998,5.417
6/18/1998,5.406
6/19/1998,5.408
6/22/1998,5.408
6/23/1998,5.408
6/24/1998,5.397
6/25/1998,5.407
6/26/1998,5.394
6/29/1998,5.383
6/30/1998,5.371
7/1/1998,5.349
7/2/1998,5.325
7/6/1998,5.323
7/7/1998,5.334
7/8/1998,5.323
7/9/1998,5.322
7/10/1998,5.31
7/13/1998,5.331
7/14/1998,5.33
7/15/1998,5.319
7/16/1998,5.34
7/17/1998,5.364
7/20/1998,5.364
7/21/1998,5.353
7/22/1998,5.353
7/23/1998,5.341
7/24/1998,5.34
7/27/1998,5.35
7/28/1998,5.338
7/29/1998,5.36
7/30/1998,5.359
7/31/1998,5.368
8/3/1998,5.346
8/4/1998,5.312
8/5/1998,5.29
8/6/1998,5.279
8/7/1998,5.233
8/10/1998,5.211
8/11/1998,5.178
8/12/1998,5.199
8/13/1998,5.231
8/14/1998,5.208
8/17/1998,5.229
8/18/1998,5.25
8/19/1998,5.232
8/20/1998,5.221
8/21/1998,5.186
8/24/1998,5.175
8/25/1998,5.152
8/26/1998,5.097
8/27/1998,5.009
8/28/1998,4.953
8/31/1998,4.855
9/1/1998,4.855
9/2/1998,4.908
9/3/1998,4.897
9/4/1998,4.895
9/8/1998,4.905
9/9/1998,4.786
9/10/1998,4.634
9/11/1998,4.719
9/14/1998,4.762
9/15/1998,4.794
9/16/1998,4.763
9/17/1998,4.762
9/18/1998,4.685
9/21/1998,4.695
9/22/1998,4.717
9/23/1998,4.597
9/24/1998,4.51
9/25/1998,4.487
9/28/1998,4.519
9/29/1998,4.518
9/30/1998,4.399
10/1/1998,4.28
10/2/1998,4.29
10/5/1998,4.171
10/6/1998,4.225
10/7/1998,4.235
10/8/1998,4.138
10/9/1998,4.147
10/13/1998,4.222
10/14/1998,4.167
10/15/1998,3.962
10/16/1998,3.854
10/19/1998,3.907
10/20/1998,3.982
10/21/1998,4.035
10/22/1998,4.035
10/23/1998,4.077
10/26/1998,4.12
10/27/1998,4.023
10/28/1998,4.065
10/29/1998,4.076
10/30/1998,4.182
11/2/1998,4.333
11/3/1998,4.332
11/4/1998,4.461
11/5/1998,4.504
11/6/1998,4.665
11/9/1998,4.632
11/10/1998,4.535
11/12/1998,4.49
11/13/1998,4.512
11/16/1998,4.555
11/17/1998,4.479
11/18/1998,4.521
11/19/1998,4.553
11/20/1998,4.541
11/23/1998,4.563
11/24/1998,4.595
11/25/1998,4.594
11/27/1998,4.581
11/30/1998,4.495
12/1/1998,4.451
12/2/1998,4.418
12/3/1998,4.375
12/4/1998,4.482
12/7/1998,4.557
12/8/1998,4.481
12/9/1998,4.437
12/10/1998,4.448
12/11/1998,4.49
12/14/1998,4.457
12/15/1998,4.489
12/16/1998,4.38
12/17/1998,4.445
12/18/1998,4.476
12/21/1998,4.53
12/22/1998,4.551
12/23/1998,4.67
12/24/1998,4.711
12/28/1998,4.624
12/29/1998,4.613
12/30/1998,4.537
12/31/1998,4.524
1/4/1999,4.578
1/5/1999,4.621
1/6/1999,4.502
1/7/1999,4.502
1/8/1999,4.576
1/11/1999,4.609
1/12/1999,4.543
1/13/1999,4.456
1/14/1999,4.402
1/15/1999,4.465
1/19/1999,4.486
1/20/1999,4.518
1/21/1999,4.453
1/22/1999,4.441
1/25/1999,4.484
1/26/1999,4.483
1/27/1999,4.494
1/28/1999,4.504
1/29/1999,4.492
2/1/1999,4.567
2/2/1999,4.567
2/3/1999,4.589
2/4/1999,4.621
2/5/1999,4.652
2/8/1999,4.641
2/9/1999,4.619
2/10/1999,4.64
2/11/1999,4.661
2/12/1999,4.725
2/16/1999,4.691
2/17/1999,4.67
2/18/1999,4.702
2/19/1999,4.7
2/22/1999,4.711
2/23/1999,4.775
2/24/1999,4.829
2/25/1999,4.872
2/26/1999,4.849
3/1/1999,4.881
3/2/1999,4.794
3/3/1999,4.885
3/4/1999,4.896
3/5/1999,4.818
3/8/1999,4.806
3/9/1999,4.74
3/10/1999,4.74
3/11/1999,4.761
3/12/1999,4.727
3/15/1999,4.749
3/16/1999,4.726
3/17/1999,4.726
3/18/1999,4.693
3/19/1999,4.724
3/22/1999,4.745
3/23/1999,4.691
3/24/1999,4.701
3/25/1999,4.744
3/26/1999,4.699
3/29/1999,4.721
3/30/1999,4.688
3/31/1999,4.71
4/1/1999,4.709
4/5/1999,4.664
4/6/1999,4.653
4/7/1999,4.664
4/8/1999,4.62
4/9/1999,4.619
4/12/1999,4.64
4/13/1999,4.629
4/14/1999,4.628
4/15/1999,4.639
4/16/1999,4.692
4/19/1999,4.648
4/20/1999,4.647
4/21/1999,4.669
4/22/1999,4.701
4/23/1999,4.689
4/26/1999,4.677
4/27/1999,4.688
4/28/1999,4.732
4/29/1999,4.688
4/30/1999,4.763
5/3/1999,4.774
5/4/1999,4.784
5/5/1999,4.751
5/6/1999,4.794
5/7/1999,4.771
5/10/1999,4.759
5/11/1999,4.77
5/12/1999,4.769
5/13/1999,4.725
5/14/1999,4.855
5/17/1999,4.843
5/18/1999,4.908
5/19/1999,4.875
5/20/1999,4.853
5/21/1999,4.819
5/24/1999,4.818
5/25/1999,4.84
5/26/1999,4.918
5/27/1999,4.972
5/28/1999,4.97
6/1/1999,5.067
6/2/1999,5.046
6/3/1999,5.045
6/4/1999,5.054
6/7/1999,5.065
6/8/1999,5.075
6/9/1999,5.118
6/10/1999,5.107
6/11/1999,5.138
6/14/1999,5.094
6/15/1999,5.083
6/16/1999,4.973
6/17/1999,4.929
6/18/1999,4.971
6/21/1999,5.003
6/22/1999,5.035
6/23/1999,5.17
6/24/1999,5.169
6/25/1999,5.157
6/28/1999,5.134
6/29/1999,5.166
6/30/1999,5.056
7/1/1999,5.067
7/2/1999,5.065
7/6/1999,5.042
7/7/1999,5.031
7/8/1999,4.998
7/9/1999,4.996
7/12/1999,4.974
7/13/1999,4.963
7/14/1999,4.973
7/15/1999,4.972
7/16/1999,4.927
7/19/1999,4.949
7/20/1999,4.894
7/21/1999,4.929
7/22/1999,4.983
7/23/1999,5.014
7/26/1999,5.025
7/27/1999,5.013
7/28/1999,5.024
7/29/1999,5.089
7/30/1999,5.109
8/2/1999,5.141
8/3/1999,5.152
8/4/1999,5.086
8/5/1999,5.031
8/6/1999,5.138
8/9/1999,5.214
8/10/1999,5.214
8/11/1999,5.169
8/12/1999,5.202
8/13/1999,5.167
8/16/1999,5.21
8/17/1999,5.177
8/18/1999,5.17
8/19/1999,5.158
8/20/1999,5.146
8/23/1999,5.189
8/24/1999,5.156
8/25/1999,5.133
8/26/1999,5.187
8/27/1999,5.24
8/30/1999,5.295
8/31/1999,5.283
9/1/1999,5.283
9/2/1999,5.271
9/3/1999,5.203
9/7/1999,5.246
9/8/1999,5.246
9/9/1999,5.278
9/10/1999,5.233
9/13/1999,5.243
9/14/1999,5.264
9/15/1999,5.236
9/16/1999,5.224
9/17/1999,5.233
9/20/1999,5.266
9/21/1999,5.243
9/22/1999,5.221
9/23/1999,5.154
9/24/1999,5.153
9/27/1999,5.174
9/28/1999,5.196
9/29/1999,5.217
9/30/1999,5.173
10/1/1999,5.258
10/4/1999,5.236
10/5/1999,5.312
10/6/1999,5.322
10/7/1999,5.322
10/8/1999,5.32
10/12/1999,5.33
10/13/1999,5.373
10/14/1999,5.444
10/15/1999,5.387
10/18/1999,5.431
10/19/1999,5.463
10/20/1999,5.462
10/21/1999,5.473
10/22/1999,5.471
10/25/1999,5.514
10/26/1999,5.536
10/27/1999,5.513
10/28/1999,5.469
10/29/1999,5.412
11/1/1999,5.444
11/2/1999,5.433
11/3/1999,5.432
11/4/1999,5.41
11/5/1999,5.408
11/8/1999,5.44
11/9/1999,5.472
11/10/1999,5.499
11/12/1999,5.475
11/15/1999,5.497
11/16/1999,5.54
11/17/1999,5.561
11/18/1999,5.561
11/19/1999,5.581
11/22/1999,5.613
11/23/1999,5.613
11/24/1999,5.633
11/26/1999,5.664
11/29/1999,5.697
11/30/1999,5.685
12/1/1999,5.696
12/2/1999,5.739
12/3/1999,5.682
12/6/1999,5.692
12/7/1999,5.67
12/8/1999,5.676
12/9/1999,5.665
12/10/1999,5.663
12/13/1999,5.739
12/14/1999,5.827
12/15/1999,5.837
12/16/1999,5.892
12/17/1999,5.912
12/20/1999,5.967
12/21/1999,5.955
12/22/1999,5.943
12/23/1999,5.94
12/27/1999,5.939
12/28/1999,5.917
12/29/1999,5.883
12/30/1999,5.893
12/31/1999,5.957
1/3/2000,6.078
1/4/2000,6.011
1/5/2000,6.042
1/6/2000,5.997
1/7/2000,6.006
1/10/2000,6.049
1/11/2000,6.104
1/12/2000,6.125
1/13/2000,6.091
1/14/2000,6.111
1/18/2000,6.12
1/19/2000,6.098
1/20/2000,6.108
1/21/2000,6.106
1/24/2000,6.072
1/25/2000,6.094
1/26/2000,6.093
1/27/2000,6.147
1/28/2000,6.189
1/31/2000,6.244
2/1/2000,6.277
2/2/2000,6.198
2/3/2000,6.141
2/4/2000,6.195
2/7/2000,6.216
2/8/2000,6.193
2/9/2000,6.17
2/10/2000,6.18
2/11/2000,6.167
2/14/2000,6.177
2/15/2000,6.176
2/16/2000,6.198
2/17/2000,6.241
2/18/2000,6.249
2/22/2000,6.181
2/23/2000,6.237
2/24/2000,6.192
2/25/2000,6.134
2/28/2000,6.211
2/29/2000,6.232
3/1/2000,6.17
3/2/2000,6.169
3/3/2000,6.144
3/6/2000,6.188
3/7/2000,6.143
3/8/2000,6.164
3/9/2000,6.152
3/10/2000,6.205
3/13/2000,6.182
3/14/2000,6.171
3/15/2000,6.192
3/16/2000,6.18
3/17/2000,6.178
3/20/2000,6.21
3/21/2000,6.198
3/22/2000,6.187
3/23/2000,6.197
3/24/2000,6.283
3/27/2000,6.282
3/28/2000,6.27
3/29/2000,6.27
3/30/2000,6.225
3/31/2000,6.234
4/3/2000,6.2
4/4/2000,6.111
4/5/2000,6.11
4/6/2000,6.153
4/7/2000,6.14
4/10/2000,6.085
4/11/2000,6.117
4/12/2000,6.116
4/13/2000,6.115
4/14/2000,6.037
4/17/2000,6.069
4/18/2000,6.035
4/19/2000,6.056
4/20/2000,6.065
4/24/2000,6.074
4/25/2000,6.129
4/26/2000,6.107
4/27/2000,6.139
4/28/2000,6.17
5/1/2000,6.224
5/2/2000,6.19
5/3/2000,6.189
5/4/2000,6.156
5/5/2000,6.241
5/8/2000,6.317
5/9/2000,6.306
5/10/2000,6.294
5/11/2000,6.304
5/12/2000,6.379
5/15/2000,6.335
5/16/2000,6.367
5/17/2000,6.355
5/18/2000,6.278
5/19/2000,6.2
5/22/2000,6.166
5/23/2000,6.155
5/24/2000,6.176
5/25/2000,6.175
5/26/2000,6.184
5/30/2000,6.172
5/31/2000,6.172
6/1/2000,6.313
6/2/2000,6.222
6/5/2000,6.221
6/6/2000,6.231
6/7/2000,6.209
6/8/2000,6.219
6/9/2000,6.228
6/12/2000,6.194
6/13/2000,6.16
6/14/2000,6.126
6/15/2000,6.136
6/16/2000,6.078
6/19/2000,6.1
6/20/2000,6.121
6/21/2000,6.142
6/22/2000,6.142
6/23/2000,6.184
6/26/2000,6.139
6/27/2000,6.149
6/28/2000,6.126
6/29/2000,6.07
6/30/2000,6.057
7/3/2000,6.056
7/5/2000,6.043
7/6/2000,6.076
7/7/2000,6.052
7/10/2000,6.074
7/11/2000,6.073
7/12/2000,6.083
7/13/2000,6.05
7/14/2000,6.091
7/17/2000,6.113
7/18/2000,6.101
7/19/2000,6.111
7/20/2000,6.034
7/21/2000,6.032
7/24/2000,6.042
7/25/2000,6.041
7/26/2000,6.019
7/27/2000,6.029
7/28/2000,6.027
7/31/2000,6.059
8/1/2000,6.059
8/2/2000,6.102
8/3/2000,6.09
8/4/2000,6.066
8/7/2000,6.099
8/8/2000,6.12
8/9/2000,6.152
8/10/2000,6.162
8/11/2000,6.226
8/14/2000,6.203
8/15/2000,6.203
8/16/2000,6.202
8/17/2000,6.18
8/18/2000,6.156
8/21/2000,6.177
8/22/2000,6.176
8/23/2000,6.176
8/24/2000,6.175
8/25/2000,6.206
8/28/2000,6.238
8/29/2000,6.27
8/30/2000,6.236
8/31/2000,6.213
9/1/2000,6.177
9/5/2000,6.164
9/6/2000,6.186
9/7/2000,6.219
9/8/2000,6.183
9/11/2000,6.216
9/12/2000,6.171
9/13/2000,6.115
9/14/2000,6.125
9/15/2000,6.1
9/18/2000,6.067
9/19/2000,6.099
9/20/2000,6.098
9/21/2000,6.042
9/22/2000,6.084
9/25/2000,6.095
9/26/2000,6.061
9/27/2000,6.071
9/28/2000,6.081
9/29/2000,6.09
10/2/2000,6.068
10/3/2000,6.056
10/4/2000,6.055
10/5/2000,6.054
10/6/2000,6.074
10/10/2000,6.039
10/11/2000,6.028
10/12/2000,5.918
10/13/2000,5.96
10/16/2000,5.97
10/17/2000,5.937
10/18/2000,5.936
10/19/2000,5.957
10/20/2000,5.944
10/23/2000,5.955
10/24/2000,5.976
10/25/2000,6.03
10/26/2000,6.095
10/27/2000,6.159
10/30/2000,6.169
10/31/2000,6.168
11/1/2000,6.167
11/2/2000,6.145
11/3/2000,6.176
11/6/2000,6.208
11/7/2000,6.207
11/8/2000,6.207
11/9/2000,6.195
11/10/2000,6.16
11/13/2000,6.16
11/14/2000,6.159
11/15/2000,6.158
11/16/2000,6.136
11/17/2000,6.145
11/20/2000,6.133
11/21/2000,6.155
11/22/2000,6.186
11/24/2000,6.206
11/27/2000,6.184
11/28/2000,6.14
11/29/2000,5.981
11/30/2000,5.914
12/1/2000,5.923
12/4/2000,5.9
12/5/2000,5.767
12/6/2000,5.727
12/7/2000,5.733
12/8/2000,5.736
12/11/2000,5.796
12/12/2000,5.784
12/13/2000,5.751
12/14/2000,5.684
12/15/2000,5.66
12/18/2000,5.594
12/19/2000,5.582
12/20/2000,5.46
12/21/2000,5.351
12/22/2000,5.261
12/26/2000,5.369
12/27/2000,5.358
12/28/2000,5.423
12/29/2000,5.366
1/2/2001,5.169
1/3/2001,5.082
1/4/2001,4.843
1/5/2001,4.648
1/8/2001,4.626
1/9/2001,4.787
1/10/2001,4.927
1/11/2001,4.851
1/12/2001,4.968
1/16/2001,4.967
1/17/2001,4.924
1/18/2001,4.805
1/19/2001,4.804
1/22/2001,4.803
1/23/2001,4.868
1/24/2001,4.889
1/25/2001,4.845
1/26/2001,4.801
1/29/2001,4.779
1/30/2001,4.66
1/31/2001,4.585
2/1/2001,4.584
2/2/2001,4.691
2/5/2001,4.722
2/6/2001,4.754
2/7/2001,4.754
2/8/2001,4.743
2/9/2001,4.688
2/12/2001,4.72
2/13/2001,4.773
2/14/2001,4.848
2/15/2001,4.89
2/16/2001,4.814
2/20/2001,4.792
2/21/2001,4.759
2/22/2001,4.748
2/23/2001,4.608
2/26/2001,4.544
2/27/2001,4.586
2/28/2001,4.469
3/1/2001,4.458
3/2/2001,4.468
3/5/2001,4.5
3/6/2001,4.489
3/7/2001,4.434
3/8/2001,4.423
3/9/2001,4.443
3/12/2001,4.421
3/13/2001,4.41
3/14/2001,4.291
3/15/2001,4.194
3/16/2001,4.182
3/19/2001,4.246
3/20/2001,4.181
3/21/2001,4.159
3/22/2001,4.095
3/23/2001,4.201
3/26/2001,4.19
3/27/2001,4.297
3/28/2001,4.221
3/29/2001,4.146
3/30/2001,4.113
4/2/2001,4.091
4/3/2001,4.005
4/4/2001,3.962
4/5/2001,3.994
4/6/2001,3.886
4/9/2001,3.918
4/10/2001,4.014
4/11/2001,4.099
4/12/2001,4.119
4/16/2001,4.225
4/17/2001,4.161
4/18/2001,3.936
4/19/2001,3.936
4/20/2001,3.85
4/23/2001,3.733
4/24/2001,3.732
4/25/2001,3.812
4/26/2001,3.785
4/27/2001,3.88
4/30/2001,3.922
5/1/2001,3.88
5/2/2001,3.901
5/3/2001,3.858
5/4/2001,3.751
5/7/2001,3.708
5/8/2001,3.676
5/9/2001,3.633
5/10/2001,3.718
5/11/2001,3.781
5/14/2001,3.759
5/15/2001,3.685
5/16/2001,3.653
5/17/2001,3.706
5/18/2001,3.726
5/21/2001,3.758
5/22/2001,3.747
5/23/2001,3.694
5/24/2001,3.725
5/25/2001,3.703
5/29/2001,3.692
5/30/2001,3.661
5/31/2001,3.565
6/1/2001,3.596
6/4/2001,3.617
6/5/2001,3.575
6/6/2001,3.564
6/7/2001,3.564
6/8/2001,3.563
6/11/2001,3.542
6/12/2001,3.5
6/13/2001,3.5
6/14/2001,3.436
6/15/2001,3.404
6/18/2001,3.393
6/19/2001,3.288
6/20/2001,3.372
6/21/2001,3.372
6/22/2001,3.329
6/25/2001,3.34
6/26/2001,3.413
6/27/2001,3.497
6/28/2001,3.581
6/29/2001,3.634
7/2/2001,3.591
7/3/2001,3.623
7/5/2001,3.59
7/6/2001,3.548
7/9/2001,3.548
7/10/2001,3.496
7/11/2001,3.495
7/12/2001,3.495
7/13/2001,3.526
7/16/2001,3.505
7/17/2001,3.505
7/18/2001,3.41
7/19/2001,3.442
7/20/2001,3.431
7/23/2001,3.42
7/24/2001,3.441
7/25/2001,3.473
7/26/2001,3.441
7/27/2001,3.441
7/30/2001,3.43
7/31/2001,3.42
8/1/2001,3.441
8/2/2001,3.451
8/3/2001,3.44
8/6/2001,3.43
8/7/2001,3.43
8/8/2001,3.388
8/9/2001,3.356
8/10/2001,3.325
8/13/2001,3.314
8/14/2001,3.324
8/15/2001,3.324
8/16/2001,3.293
8/17/2001,3.261
8/20/2001,3.303
8/21/2001,3.293
8/22/2001,3.303
8/23/2001,3.303
6/4/2008,2.138
6/5/2008,2.148
6/6/2008,2.106
6/9/2008,2.294
6/10/2008,2.504
6/11/2008,2.4461
6/12/2008,2.6354
6/13/2008,2.6034
6/16/2008,2.6769
6/17/2008,2.5505
6/18/2008,2.4978
6/19/2008,2.5502
6/20/2008,2.4763
6/23/2008,2.5287
6/24/2008,2.4866
6/25/2008,2.4235
6/26/2008,2.3604
6/27/2008,2.3182
6/30/2008,2.3286
7/1/2008,2.3285
7/2/2008,2.3419
7/3/2008,2.289
7/7/2008,2.2469
7/8/2008,2.2574
7/9/2008,2.1839
7/10/2008,2.1839
7/11/2008,2.2778
7/14/2008,2.2044
7/15/2008,2.1311
7/16/2008,2.1414
7/17/2008,2.2041
7/18/2008,2.2457
7/21/2008,2.2351
7/22/2008,2.2978
7/23/2008,2.3291
7/24/2008,2.2348
7/25/2008,2.2973
7/28/2008,2.2449
7/29/2008,2.2971
7/30/2008,2.3209
7/31/2008,2.2579
8/1/2008,2.2366
8/4/2008,2.2575
8/5/2008,2.2364
8/6/2008,2.2468
8/7/2008,2.142
8/8/2008,2.1731
8/11/2008,2.2463
8/12/2008,2.1729
8/13/2008,2.1624
8/14/2008,2.1204
8/15/2008,2.0993
8/18/2008,2.1201
8/19/2008,2.0991
8/20/2008,2.0364
8/21/2008,2.0781
8/22/2008,2.1404
8/25/2008,2.0986
8/26/2008,2.1403
8/27/2008,2.1532
8/28/2008,2.1741
8/29/2008,2.1632
9/2/2008,2.1003
9/3/2008,2.0689
9/4/2008,2.0375
9/5/2008,2.0999
9/8/2008,2.0998
9/9/2008,2.0475
9/10/2008,2.037
9/11/2008,2.0056
9/12/2008,1.9949
9/15/2008,1.5996
9/16/2008,1.6203
9/17/2008,1.4442
9/18/2008,1.5166
9/19/2008,2.0048
9/22/2008,2.036
9/23/2008,1.9317
9/24/2008,1.892
9/25/2008,1.9545
9/26/2008,1.8396
9/29/2008,1.4863
9/30/2008,1.7874
10/1/2008,1.6626
10/2/2008,1.4137
10/3/2008,1.3928
10/6/2008,1.2378
10/7/2008,1.1759
10/8/2008,1.2584
10/9/2008,1.2274
10/10/2008,1.0315
10/14/2008,1.2066
10/15/2008,1.0726
10/16/2008,1.2788
10/17/2008,1.2787
10/20/2008,1.6823
10/21/2008,1.5992
10/22/2008,1.6006
10/23/2008,1.6525
10/24/2008,1.5589
10/27/2008,1.5277
10/28/2008,1.507
10/29/2008,1.3827
10/30/2008,1.3102
10/31/2008,1.28
11/3/2008,1.2791
11/4/2008,1.2687
11/5/2008,1.2171
11/6/2008,1.1552
11/7/2008,1.186
11/10/2008,1.1448
11/12/2008,1.0006
11/13/2008,1.1344
11/14/2008,1.1034
11/17/2008,1.0622
11/18/2008,1.0108
11/19/2008,0.9702
11/20/2008,0.8366
11/21/2008,0.816
11/24/2008,0.9187
11/25/2008,0.9392
11/26/2008,0.9084
11/28/2008,0.898
12/1/2008,0.8056
12/2/2008,0.7544
12/3/2008,0.6929
12/4/2008,0.5701
12/5/2008,0.519
12/8/2008,0.4986
12/9/2008,0.4475
12/10/2008,0.4679
12/11/2008,0.4577
12/12/2008,0.4577
12/15/2008,0.4679
12/16/2008,0.4434
12/17/2008,0.4507
12/18/2008,0.4017
12/19/2008,0.3792
12/22/2008,0.3966
12/23/2008,0.3966
12/24/2008,0.3741
12/26/2008,0.3558
12/29/2008,0.3201
12/30/2008,0.3099
12/31/2008,0.3405
1/2/2009,0.3741
1/5/2009,0.4067
1/6/2009,0.4118
1/7/2009,0.4047
1/8/2009,0.4169
1/9/2009,0.4016
1/12/2009,0.3965
1/13/2009,0.3894
1/14/2009,0.4119
1/15/2009,0.4068
1/16/2009,0.417
1/20/2009,0.4047
1/21/2009,0.4251
1/22/2009,0.3966
1/23/2009,0.4251
1/26/2009,0.4455
1/27/2009,0.4476
1/28/2009,0.468
1/29/2009,0.4782
1/30/2009,0.473
2/2/2009,0.4863
2/3/2009,0.519
2/4/2009,0.4914
2/5/2009,0.5088
2/6/2009,0.5241
2/9/2009,0.5506
2/10/2009,0.5138
2/11/2009,0.6009
2/12/2009,0.5855
2/13/2009,0.6111
2/17/2009,0.5916
2/18/2009,0.6285
2/19/2009,0.6438
2/20/2009,0.6254
2/23/2009,0.6673
2/24/2009,0.6908
2/25/2009,0.7185
2/26/2009,0.7031
2/27/2009,0.6806
3/2/2009,0.6417
3/3/2009,0.6396
3/4/2009,0.6621
3/5/2009,0.6242
3/6/2009,0.6498
3/9/2009,0.6703
3/10/2009,0.6784
3/11/2009,0.6961
3/12/2009,0.6807
3/13/2009,0.6633
3/16/2009,0.6622
3/17/2009,0.6827
3/18/2009,0.5558
3/19/2009,0.5783
3/20/2009,0.5834
3/23/2009,0.5906
3/24/2009,0.5936
3/25/2009,0.5783
3/26/2009,0.5548
3/27/2009,0.5629
3/30/2009,0.565
3/31/2009,0.5425
4/1/2009,0.5404
4/2/2009,0.5496
4/3/2009,0.5751
4/6/2009,0.5649
4/7/2009,0.5373
4/8/2009,0.5835
4/9/2009,0.5835
4/13/2009,0.5691
4/14/2009,0.5252
4/15/2009,0.5119
4/16/2009,0.5088
4/17/2009,0.5446
4/20/2009,0.5119
4/21/2009,0.5068
4/22/2009,0.4823
4/23/2009,0.4577
4/24/2009,0.473
4/27/2009,0.4628
4/28/2009,0.4832
4/29/2009,0.4608
4/30/2009,0.4557
5/1/2009,0.4587
5/4/2009,0.4812
5/5/2009,0.471
5/6/2009,0.5017
5/7/2009,0.5375
5/8/2009,0.5344
5/11/2009,0.5088
5/12/2009,0.514
5/13/2009,0.4966
5/14/2009,0.471
5/15/2009,0.4659
5/18/2009,0.4823
5/19/2009,0.4557
5/20/2009,0.4231
5/21/2009,0.4302
5/22/2009,0.4485
5/26/2009,0.4628
5/27/2009,0.4659
5/28/2009,0.4516
5/29/2009,0.4424
6/1/2009,0.4404
6/2/2009,0.4077
6/3/2009,0.4364
6/4/2009,0.4578
6/5/2009,0.6039
6/8/2009,0.606
6/9/2009,0.5283
6/10/2009,0.5293
6/11/2009,0.5088
6/12/2009,0.4935
6/15/2009,0.4731
6/16/2009,0.4731
6/17/2009,0.4659
6/18/2009,0.4914
6/19/2009,0.473
6/22/2009,0.4577
6/23/2009,0.4506
6/24/2009,0.4618
6/25/2009,0.4159
6/26/2009,0.4067
6/29/2009,0.4455
6/30/2009,0.4822
7/1/2009,0.5324
7/2/2009,0.4813
7/6/2009,0.4517
7/7/2009,0.4578
7/8/2009,0.4374
7/9/2009,0.4425
7/10/2009,0.4312
7/13/2009,0.4578
7/14/2009,0.4506
7/15/2009,0.4669
7/16/2009,0.4373
7/17/2009,0.4383
7/20/2009,0.4434
7/21/2009,0.4261
7/22/2009,0.4251
7/23/2009,0.4424
7/24/2009,0.4302
7/27/2009,0.4404
7/28/2009,0.4332
7/29/2009,0.4823
7/30/2009,0.4721
7/31/2009,0.468
8/3/2009,0.4629
8/4/2009,0.4537
8/5/2009,0.4659
8/6/2009,0.4629
8/7/2009,0.4884
8/10/2009,0.4588
8/11/2009,0.4404
8/12/2009,0.4333
8/13/2009,0.418
8/14/2009,0.4118
8/17/2009,0.4067
8/18/2009,0.4067
8/19/2009,0.3914
8/20/2009,0.3894
8/21/2009,0.4026
8/24/2009,0.3894
8/25/2009,0.4149
8/26/2009,0.4456
8/27/2009,0.4374
8/28/2009,0.42
8/31/2009,0.4149
9/1/2009,0.3956
9/2/2009,0.3843
9/3/2009,0.3955
9/4/2009,0.4006
9/8/2009,0.3925
9/9/2009,0.3751
9/10/2009,0.366
9/11/2009,0.3649
9/14/2009,0.3588
9/15/2009,0.3588
9/16/2009,0.3456
9/17/2009,0.3405
9/18/2009,0.3608
9/21/2009,0.3547
9/22/2009,0.3619
9/23/2009,0.3966
9/24/2009,0.3854
9/25/2009,0.3996
9/28/2009,0.3803
9/29/2009,0.3864
9/30/2009,0.3803
10/1/2009,0.3354
10/2/2009,0.3395
10/5/2009,0.3364
10/6/2009,0.3385
10/7/2009,0.315
10/8/2009,0.3191
10/9/2009,0.3456
10/13/2009,0.3232
10/14/2009,0.316
10/15/2009,0.3181
10/16/2009,0.3231
10/19/2009,0.3364
10/20/2009,0.318
10/21/2009,0.3742
10/22/2009,0.364
10/23/2009,0.3905
10/26/2009,0.3976
10/27/2009,0.3792
10/28/2009,0.3639
10/29/2009,0.3711
10/30/2009,0.3466
11/2/2009,0.3558
11/3/2009,0.3446
11/4/2009,0.3283
11/5/2009,0.314
11/6/2009,0.3028
11/9/2009,0.3028
11/10/2009,0.2936
11/12/2009,0.2845
11/13/2009,0.2875
11/16/2009,0.2722
11/17/2009,0.2641
11/18/2009,0.2845
11/19/2009,0.257
11/20/2009,0.2621
11/23/2009,0.2774
11/24/2009,0.257
11/25/2009,0.2438
11/27/2009,0.2316
11/30/2009,0.2417
12/1/2009,0.2366
12/2/2009,0.257
12/3/2009,0.257
12/4/2009,0.3252
12/7/2009,0.2824
12/8/2009,0.2621
12/9/2009,0.2743
12/10/2009,0.2895
12/11/2009,0.3079
12/14/2009,0.3231
12/15/2009,0.3537
12/16/2009,0.3742
12/17/2009,0.3334
12/18/2009,0.3436
12/21/2009,0.3803
12/22/2009,0.3945
12/23/2009,0.3925
12/24/2009,0.4047
12/28/2009,0.4424
12/29/2009,0.4271
12/30/2009,0.4067
12/31/2009,0.4353
1/4/2010,0.3996
1/5/2010,0.369
1/6/2010,0.3558
1/7/2010,0.3639
1/8/2010,0.3252
1/11/2010,0.2977
1/12/2010,0.2926
1/13/2010,0.3538
1/14/2010,0.3324
1/15/2010,0.313
1/19/2010,0.3048
1/20/2010,0.3038
1/21/2010,0.2794
1/22/2010,0.2743
1/25/2010,0.2824
1/26/2010,0.2845
1/27/2010,0.3048
1/28/2010,0.2784
1/29/2010,0.2743
2/1/2010,0.2977
2/2/2010,0.2875
2/3/2010,0.3048
2/4/2010,0.2783
2/5/2010,0.2743
2/8/2010,0.2783
2/9/2010,0.2977
2/10/2010,0.3589
2/11/2010,0.3538
2/12/2010,0.3334
2/16/2010,0.3232
2/17/2010,0.3354
2/18/2010,0.3813
2/19/2010,0.3588
2/22/2010,0.3354
2/23/2010,0.3252
2/24/2010,0.3048
2/25/2010,0.2845
2/26/2010,0.2926
3/1/2010,0.2926
3/2/2010,0.2906
3/3/2010,0.2946
3/4/2010,0.3048
3/5/2010,0.3303
3/8/2010,0.3405
3/9/2010,0.3333
3/10/2010,0.3711
3/11/2010,0.3894
3/12/2010,0.4017
3/15/2010,0.3996
3/16/2010,0.3792
3/17/2010,0.369
3/18/2010,0.3792
3/19/2010,0.4057
3/22/2010,0.3904
3/23/2010,0.3813
3/24/2010,0.4047
3/25/2010,0.3965
3/26/2010,0.3894
3/29/2010,0.3812
3/30/2010,0.3904
3/31/2010,0.3792
4/1/2010,0.3873
4/5/2010,0.4353
4/6/2010,0.4322
4/7/2010,0.4486
4/8/2010,0.4435
4/9/2010,0.4374
4/12/2010,0.4272
4/13/2010,0.4251
4/14/2010,0.4272
4/15/2010,0.4068
4/16/2010,0.3843
4/19/2010,0.3864
4/20/2010,0.3996
4/21/2010,0.3996
4/22/2010,0.4098
4/23/2010,0.4281
4/26/2010,0.42
4/27/2010,0.3751
4/28/2010,0.3761
4/29/2010,0.3761
4/30/2010,0.3751
5/3/2010,0.3843
5/4/2010,0.3639
5/5/2010,0.3752
5/6/2010,0.3507
5/7/2010,0.366
5/10/2010,0.3864
5/11/2010,0.3711
5/12/2010,0.3752
5/13/2010,0.365
5/14/2010,0.3303
5/17/2010,0.3395
5/18/2010,0.3181
5/19/2010,0.3313
5/20/2010,0.3048
5/21/2010,0.3232
5/24/2010,0.3282
5/25/2010,0.3191
5/26/2010,0.3313
5/27/2010,0.3364
5/28/2010,0.315
6/1/2010,0.313
6/2/2010,0.318
6/3/2010,0.366
6/4/2010,0.3191
6/7/2010,0.3232
6/8/2010,0.3191
6/9/2010,0.3079
6/10/2010,0.3191
6/11/2010,0.2875
6/14/2010,0.2845
6/15/2010,0.2824
6/16/2010,0.2682
6/17/2010,0.259
6/18/2010,0.2641
6/21/2010,0.2672
6/22/2010,0.2682
6/23/2010,0.2672
6/24/2010,0.2682
6/25/2010,0.2702
6/28/2010,0.2671
6/29/2010,0.2651
6/30/2010,0.3049
7/1/2010,0.3059
7/2/2010,0.2987
7/6/2010,0.2998
7/7/2010,0.2926
7/8/2010,0.2845
7/9/2010,0.2835
7/12/2010,0.2845
7/13/2010,0.2875
7/14/2010,0.2621
7/15/2010,0.2529
7/16/2010,0.2448
7/19/2010,0.2438
7/20/2010,0.2468
7/21/2010,0.2397
7/22/2010,0.2417
7/23/2010,0.2437
7/26/2010,0.2539
7/27/2010,0.2702
7/28/2010,0.2886
7/29/2010,0.2845
7/30/2010,0.2723
8/2/2010,0.2692
8/3/2010,0.2947
8/4/2010,0.2539
8/5/2010,0.2468
8/6/2010,0.2377
8/9/2010,0.2417
8/10/2010,0.2366
8/11/2010,0.2295
8/12/2010,0.2316
8/13/2010,0.2326
8/16/2010,0.2315
8/17/2010,0.2366
8/18/2010,0.2336
8/19/2010,0.2315
8/20/2010,0.2315
8/23/2010,0.2366
8/24/2010,0.2387
8/25/2010,0.257
8/26/2010,0.2519
8/27/2010,0.2519
8/30/2010,0.2397
8/31/2010,0.2275
9/1/2010,0.2316
9/2/2010,0.2265
9/3/2010,0.2285
9/7/2010,0.2265
9/8/2010,0.2265
9/9/2010,0.2336
9/10/2010,0.2387
9/13/2010,0.2387
9/14/2010,0.2366
9/15/2010,0.2315
9/16/2010,0.2366
9/17/2010,0.2346
9/20/2010,0.2387
9/21/2010,0.2387
9/22/2010,0.2468
9/23/2010,0.2438
9/24/2010,0.2468
9/27/2010,0.2468
9/28/2010,0.2489
9/29/2010,0.2468
9/30/2010,0.2468
10/1/2010,0.2438
10/4/2010,0.2366
10/5/2010,0.2316
10/6/2010,0.2214
10/7/2010,0.201
10/8/2010,0.1909
10/12/2010,0.196
10/13/2010,0.196
10/14/2010,0.2031
10/15/2010,0.2031
10/18/2010,0.2132
10/19/2010,0.2112
10/20/2010,0.2112
10/21/2010,0.2112
10/22/2010,0.2092
10/25/2010,0.2061
10/26/2010,0.2173
10/27/2010,0.2194
10/28/2010,0.2132
10/29/2010,0.2021
11/1/2010,0.201
11/2/2010,0.201
11/3/2010,0.198
11/4/2010,0.1929
11/5/2010,0.201
11/8/2010,0.2112
11/9/2010,0.2234
11/10/2010,0.2234
11/12/2010,0.2437
11/15/2010,0.2651
11/16/2010,0.2539
11/17/2010,0.255
11/18/2010,0.254
11/19/2010,0.255
11/22/2010,0.2489
11/23/2010,0.2428
11/24/2010,0.2692
11/26/2010,0.2641
11/29/2010,0.2641
11/30/2010,0.257
12/1/2010,0.2692
12/2/2010,0.2672
12/3/2010,0.2519
12/6/2010,0.2366
12/7/2010,0.2539
12/8/2010,0.2692
12/9/2010,0.2672
12/10/2010,0.2672
12/13/2010,0.2651
12/14/2010,0.2722
12/15/2010,0.3028
12/16/2010,0.2947
12/17/2010,0.2875
12/20/2010,0.2875
12/21/2010,0.2794
12/22/2010,0.2824
12/23/2010,0.2824
12/27/2010,0.2875
12/28/2010,0.2875
12/29/2010,0.2682
12/30/2010,0.2672
12/31/2010,0.2621
1/3/2011,0.2621
1/4/2011,0.2621
1/5/2011,0.2824
1/6/2011,0.2794
1/7/2011,0.2672
1/10/2011,0.258
1/11/2011,0.2519
1/12/2011,0.257
1/13/2011,0.2468
1/14/2011,0.2529
1/18/2011,0.2519
1/19/2011,0.2468
1/20/2011,0.257
1/21/2011,0.257
1/24/2011,0.259
1/25/2011,0.2539
1/26/2011,0.257
1/27/2011,0.2366
1/28/2011,0.2285
1/31/2011,0.2366
2/1/2011,0.2438
2/2/2011,0.257
2/3/2011,0.2672
2/4/2011,0.2722
2/7/2011,0.2743
2/8/2011,0.2844
2/9/2011,0.2926
2/10/2011,0.2875
2/11/2011,0.2824
2/14/2011,0.2824
2/15/2011,0.2824
2/16/2011,0.2743
2/17/2011,0.259
2/18/2011,0.257
2/22/2011,0.2468
2/23/2011,0.2417
2/24/2011,0.2366
2/25/2011,0.2366
2/28/2011,0.2366
3/1/2011,0.2234
3/2/2011,0.2315
3/3/2011,0.2468
3/4/2011,0.2295
3/7/2011,0.2285
3/8/2011,0.2285
3/9/2011,0.2424
3/10/2011,0.2271
3/11/2011,0.222
3/14/2011,0.2128
3/15/2011,0.2169
3/16/2011,0.2026
3/17/2011,0.2138
3/18/2011,0.2098
3/21/2011,0.223
3/22/2011,0.2271
3/23/2011,0.2271
3/24/2011,0.2373
3/25/2011,0.2577
3/28/2011,0.2699
3/29/2011,0.273
3/30/2011,0.2628
3/31/2011,0.273
4/1/2011,0.2271
4/4/2011,0.1883
4/5/2011,0.2332
4/6/2011,0.2751
4/7/2011,0.2526
4/8/2011,0.2546
4/11/2011,0.2485
4/12/2011,0.2281
4/13/2011,0.222
4/14/2011,0.2373
4/15/2011,0.222
4/18/2011,0.2067
4/19/2011,0.2118
4/20/2011,0.2118
4/21/2011,0.2067
4/25/2011,0.2016
4/26/2011,0.1965
4/27/2011,0.1965
4/28/2011,0.1914
4/29/2011,0.1832
5/2/2011,0.1812
5/3/2011,0.1659
5/4/2011,0.1833
5/5/2011,0.1731
5/6/2011,0.1629
5/9/2011,0.1578
5/10/2011,0.168
5/11/2011,0.168
5/12/2011,0.168
5/13/2011,0.1629
5/16/2011,0.1629
5/17/2011,0.1629
5/18/2011,0.168
5/19/2011,0.168
5/20/2011,0.1629
5/23/2011,0.1679
5/24/2011,0.1679
5/25/2011,0.1679
5/26/2011,0.1578
5/27/2011,0.1527
5/31/2011,0.1578
6/1/2011,0.1527
6/2/2011,0.1832
6/3/2011,0.1731
6/6/2011,0.168
6/7/2011,0.1629
6/8/2011,0.1578
6/9/2011,0.1629
6/10/2011,0.168
6/13/2011,0.1629
6/14/2011,0.173
6/15/2011,0.1629
6/16/2011,0.1629
6/17/2011,0.1578
6/20/2011,0.1578
6/21/2011,0.1578
6/22/2011,0.1527
6/23/2011,0.1374
6/24/2011,0.1374
6/27/2011,0.1527
6/28/2011,0.1781
6/29/2011,0.1883
6/30/2011,0.1832
7/1/2011,0.1883
7/5/2011,0.1781
7/6/2011,0.168
7/7/2011,0.1832
7/8/2011,0.1629
7/11/2011,0.1527
7/12/2011,0.1527
7/13/2011,0.1476
7/14/2011,0.1374
7/15/2011,0.1425
7/18/2011,0.1425
7/19/2011,0.1629
7/20/2011,0.1629
7/21/2011,0.1679
7/22/2011,0.1679
7/25/2011,0.1781
7/26/2011,0.1883
7/27/2011,0.2036
7/28/2011,0.1985
7/29/2011,0.1985
8/1/2011,0.1934
8/2/2011,0.1527
8/3/2011,0.1425
8/4/2011,0.0967
8/5/2011,0.1068
8/8/2011,0.1119
8/9/2011,0.0967
8/10/2011,0.0865
8/11/2011,0.0967
8/12/2011,0.0966
8/15/2011,0.1017
8/16/2011,0.0916
8/17/2011,0.0865
8/18/2011,0.0814
8/19/2011,0.0814
8/22/2011,0.0661
8/23/2011,0.061
8/24/2011,0.0916
8/25/2011,0.0865
8/26/2011,0.0814
8/29/2011,0.0865
8/30/2011,0.0865
8/31/2011,0.0967
9/1/2011,0.0967
9/2/2011,0.1017
9/6/2011,0.1068
9/7/2011,0.0967
9/8/2011,0.0967
9/9/2011,0.0865
9/12/2011,0.0916
9/13/2011,0.0865
9/14/2011,0.0814
9/15/2011,0.0814
9/16/2011,0.0712
9/19/2011,0.0661
9/20/2011,0.0661
9/21/2011,0.0967
9/22/2011,0.0916
9/23/2011,0.0916
9/26/2011,0.0916
9/27/2011,0.0967
9/28/2011,0.0967
9/29/2011,0.0967
9/30/2011,0.1017
10/3/2011,0.0967
10/4/2011,0.0967
10/5/2011,0.0916
10/6/2011,0.0763
10/7/2011,0.0916
10/11/2011,0.0966
10/12/2011,0.0814
10/13/2011,0.0916
10/14/2011,0.0966
10/17/2011,0.0966
10/18/2011,0.1017
10/19/2011,0.1119
10/20/2011,0.1119
10/21/2011,0.1068
10/24/2011,0.1068
10/25/2011,0.1068
10/26/2011,0.1119
10/27/2011,0.117
10/28/2011,0.1119
10/31/2011,0.1068
11/1/2011,0.1017
11/2/2011,0.0967
11/3/2011,0.0916
11/4/2011,0.0865
11/7/2011,0.0763
11/8/2011,0.0814
11/9/2011,0.0814
11/10/2011,0.0814
11/14/2011,0.0814
11/15/2011,0.0865
11/16/2011,0.0967
11/17/2011,0.0967
11/18/2011,0.0967
11/21/2011,0.1017
11/22/2011,0.1068
11/23/2011,0.1068
11/25/2011,0.1119
11/28/2011,0.1119
11/29/2011,0.1068
11/30/2011,0.1068
12/1/2011,0.0967
12/2/2011,0.0966
12/5/2011,0.0814
12/6/2011,0.0966
12/7/2011,0.0865
12/8/2011,0.0865
12/9/2011,0.0814
12/12/2011,0.0814
12/13/2011,0.0916
12/14/2011,0.1068
12/15/2011,0.1068
12/16/2011,0.1017
12/19/2011,0.1068
12/20/2011,0.1068
12/21/2011,0.1068
12/22/2011,0.1068
12/23/2011,0.1068
12/27/2011,0.1068
12/28/2011,0.1017
12/29/2011,0.1017
12/30/2011,0.1017
1/3/2012,0.1017
1/4/2012,0.1017
1/5/2012,0.0966
1/6/2012,0.0916
1/9/2012,0.0916
1/10/2012,0.0916
1/11/2012,0.1017
1/12/2012,0.0967
1/13/2012,0.0967
1/17/2012,0.0967
1/18/2012,0.1017
1/19/2012,0.1017
1/20/2012,0.1017
1/23/2012,0.1017
1/24/2012,0.1017
1/25/2012,0.0967
1/26/2012,0.1017
1/27/2012,0.1068
1/30/2012,0.1119
1/31/2012,0.1119
2/1/2012,0.117
2/2/2012,0.1272
2/3/2012,0.1221
2/6/2012,0.1221
2/7/2012,0.1272
2/8/2012,0.1374
2/9/2012,0.1425
2/10/2012,0.1476
2/13/2012,0.1629
2/14/2012,0.1629
2/15/2012,0.1527
2/16/2012,0.1527
2/17/2012,0.1527
2/21/2012,0.1527
2/22/2012,0.1527
2/23/2012,0.1527
2/24/2012,0.1578
2/27/2012,0.1578
2/28/2012,0.1578
2/29/2012,0.1578
3/1/2012,0.1578
3/2/2012,0.1527
3/5/2012,0.1578
3/6/2012,0.1578
3/7/2012,0.1726
3/8/2012,0.1777
3/9/2012,0.1777
3/12/2012,0.1777
3/13/2012,0.1878
3/14/2012,0.198
3/15/2012,0.1929
3/16/2012,0.1929
3/19/2012,0.198
3/20/2012,0.198
3/21/2012,0.1878
3/22/2012,0.1827
3/23/2012,0.1726
3/26/2012,0.1726
3/27/2012,0.1624
3/28/2012,0.1675
3/29/2012,0.1675
3/30/2012,0.1675
4/2/2012,0.1675
4/3/2012,0.1878
4/4/2012,0.1878
4/5/2012,0.1827
4/9/2012,0.1878
4/10/2012,0.1777
4/11/2012,0.1777
4/12/2012,0.1726
4/13/2012,0.1624
4/16/2012,0.1624
4/17/2012,0.1624
4/18/2012,0.1573
4/19/2012,0.1573
4/20/2012,0.1573
4/23/2012,0.1573
4/24/2012,0.1675
4/25/2012,0.1675
4/26/2012,0.1624
4/27/2012,0.1675
4/30/2012,0.1726
5/1/2012,0.1776
5/2/2012,0.1777
5/3/2012,0.1777
5/4/2012,0.1726
5/7/2012,0.1726
5/8/2012,0.1726
5/9/2012,0.1726
5/10/2012,0.1726
5/11/2012,0.1726
5/14/2012,0.1777
5/15/2012,0.1777
5/16/2012,0.1827
5/17/2012,0.1878
5/18/2012,0.1878
5/21/2012,0.1878
5/22/2012,0.1878
5/23/2012,0.1878
5/24/2012,0.1878
5/25/2012,0.1878
5/29/2012,0.1827
5/30/2012,0.1726
5/31/2012,0.1777
6/1/2012,0.1675
6/4/2012,0.1726
6/5/2012,0.1726
6/6/2012,0.1726
6/7/2012,0.1675
6/8/2012,0.1675
6/11/2012,0.1675
6/12/2012,0.1726
6/13/2012,0.1675
6/14/2012,0.1675
6/15/2012,0.1624
6/18/2012,0.1675
6/19/2012,0.1675
6/20/2012,0.1726
6/21/2012,0.1726
6/22/2012,0.1726
6/25/2012,0.1726
6/26/2012,0.1827
6/27/2012,0.198
6/28/2012,0.2031
6/29/2012,0.2031
7/2/2012,0.198
7/3/2012,0.198
7/5/2012,0.1878
7/6/2012,0.1827
7/9/2012,0.1827
7/10/2012,0.1827
7/11/2012,0.1827
7/12/2012,0.1827
7/13/2012,0.1675
7/16/2012,0.1624
7/17/2012,0.1675
7/18/2012,0.1573
7/19/2012,0.1573
7/20/2012,0.1522
7/23/2012,0.1522
7/24/2012,0.1624
7/25/2012,0.1675
7/26/2012,0.1675
7/27/2012,0.1675
7/30/2012,0.1675
7/31/2012,0.1573
8/1/2012,0.1573
8/2/2012,0.1573
8/3/2012,0.1573
8/6/2012,0.1624
8/7/2012,0.1726
8/8/2012,0.1726
8/9/2012,0.1777
8/10/2012,0.1675
8/13/2012,0.1726
8/14/2012,0.1777
8/15/2012,0.1777
8/16/2012,0.1777
8/17/2012,0.1777
8/20/2012,0.1777
8/21/2012,0.1776
8/22/2012,0.1827
8/23/2012,0.1777
8/24/2012,0.1777
8/27/2012,0.1726
8/28/2012,0.1726
8/29/2012,0.1726
8/30/2012,0.1675
8/31/2012,0.1573
9/4/2012,0.1573
9/5/2012,0.1573
9/6/2012,0.1675
9/7/2012,0.1624
9/10/2012,0.1573
9/11/2012,0.1573
9/12/2012,0.1573
9/13/2012,0.1522
9/14/2012,0.1624
9/17/2012,0.1675
9/18/2012,0.1675
9/19/2012,0.1777
9/20/2012,0.1777
9/21/2012,0.1726
9/24/2012,0.1675
9/25/2012,0.1675
9/26/2012,0.1624
9/27/2012,0.1573
9/28/2012,0.1523
10/1/2012,0.1523
10/2/2012,0.1523
10/3/2012,0.1523
10/4/2012,0.1573
10/5/2012,0.1624
10/9/2012,0.1624
10/10/2012,0.1675
10/11/2012,0.1726
10/12/2012,0.1726
10/15/2012,0.1675
10/16/2012,0.1675
10/17/2012,0.1827
10/18/2012,0.1777
10/19/2012,0.1726
10/22/2012,0.1777
10/23/2012,0.1777
10/24/2012,0.1777
10/25/2012,0.1777
10/26/2012,0.1726
10/29/2012,0.1675
10/30/2012,0.167
10/31/2012,0.1675
11/1/2012,0.1675
11/2/2012,0.1726
11/5/2012,0.1726
11/6/2012,0.1777
11/7/2012,0.1675
11/8/2012,0.1675
11/9/2012,0.1726
11/13/2012,0.1726
11/14/2012,0.1675
11/15/2012,0.1726
11/16/2012,0.1675
11/19/2012,0.1675
11/20/2012,0.1675
11/21/2012,0.1726
11/23/2012,0.1726
11/26/2012,0.1675
11/27/2012,0.1675
11/28/2012,0.1675
11/29/2012,0.1675
11/30/2012,0.1675
12/3/2012,0.1675
12/4/2012,0.1675
12/5/2012,0.1624
12/6/2012,0.1675
12/7/2012,0.1675
12/10/2012,0.1624
12/11/2012,0.1472
12/12/2012,0.1523
12/13/2012,0.1421
12/14/2012,0.1269
12/17/2012,0.1319
12/18/2012,0.1523
12/19/2012,0.1472
12/20/2012,0.1421
12/21/2012,0.1421
12/24/2012,0.137
12/26/2012,0.1472
12/27/2012,0.1421
12/28/2012,0.137
12/31/2012,0.137
1/2/2013,0.137
1/3/2013,0.137
1/4/2013,0.137
1/7/2013,0.1319
1/8/2013,0.1319
1/9/2013,0.1319
1/10/2013,0.1319
1/11/2013,0.1319
1/14/2013,0.1319
1/15/2013,0.137
1/16/2013,0.137
1/17/2013,0.1421
1/18/2013,0.1319
1/22/2013,0.1319
1/23/2013,0.1319
1/24/2013,0.1319
1/25/2013,0.137
1/28/2013,0.137
1/29/2013,0.137
1/30/2013,0.1319
1/31/2013,0.1319
2/1/2013,0.1319
2/4/2013,0.1268
2/5/2013,0.1319
2/6/2013,0.1421
2/7/2013,0.1421
2/8/2013,0.1421
2/11/2013,0.1421
2/12/2013,0.1421
2/13/2013,0.1472
2/14/2013,0.1472
2/15/2013,0.1472
2/19/2013,0.1523
2/20/2013,0.1472
2/21/2013,0.1472
2/22/2013,0.1522
2/25/2013,0.1472
2/26/2013,0.1472
2/27/2013,0.1472
2/28/2013,0.1522
3/1/2013,0.1472
3/4/2013,0.1472
3/5/2013,0.1421
3/6/2013,0.1523
3/7/2013,0.1472
3/8/2013,0.1472
3/11/2013,0.1472
3/12/2013,0.1472
3/13/2013,0.1421
3/14/2013,0.1421
3/15/2013,0.137
3/18/2013,0.1319
3/19/2013,0.1269
3/20/2013,0.1319
3/21/2013,0.1269
3/22/2013,0.1269
3/25/2013,0.1269
3/26/2013,0.1268
3/27/2013,0.1218
3/28/2013,0.1218
4/1/2013,0.1268
4/2/2013,0.1268
4/3/2013,0.1269
4/4/2013,0.1319
4/5/2013,0.1269
4/8/2013,0.1269
4/9/2013,0.1218
4/10/2013,0.1269
4/11/2013,0.1218
4/12/2013,0.1167
4/15/2013,0.1116
4/16/2013,0.1116
4/17/2013,0.1116
4/18/2013,0.1065
4/19/2013,0.1065
4/22/2013,0.1015
4/23/2013,0.1015
4/24/2013,0.1065
4/25/2013,0.1015
4/26/2013,0.1015
4/29/2013,0.1015
4/30/2013,0.1015
5/1/2013,0.1065
5/2/2013,0.1015
5/3/2013,0.1065
5/6/2013,0.1015
5/7/2013,0.1015
5/8/2013,0.1015
5/9/2013,0.1015
5/10/2013,0.1065
5/13/2013,0.1065
5/14/2013,0.1065
5/15/2013,0.1065
5/16/2013,0.1015
5/17/2013,0.1015
5/20/2013,0.1065
5/21/2013,0.0964
5/22/2013,0.1015
5/23/2013,0.1015
5/24/2013,0.1015
5/28/2013,0.1167
5/29/2013,0.1218
5/30/2013,0.1269
5/31/2013,0.1269
6/3/2013,0.1319
6/4/2013,0.1319
6/5/2013,0.1269
6/6/2013,0.1269
6/7/2013,0.1218
6/10/2013,0.1218
6/11/2013,0.1218
6/12/2013,0.1218
6/13/2013,0.1167
6/14/2013,0.1116
6/17/2013,0.1116
6/18/2013,0.1167
6/19/2013,0.1167
6/20/2013,0.1167
6/21/2013,0.1218
6/24/2013,0.1268
6/25/2013,0.137
6/26/2013,0.1573
6/27/2013,0.1472
6/28/2013,0.1421
7/1/2013,0.137
7/2/2013,0.1319
7/3/2013,0.1319
7/5/2013,0.137
7/8/2013,0.1218
7/9/2013,0.1218
7/10/2013,0.1167
7/11/2013,0.1065
7/12/2013,0.1065
7/15/2013,0.0964
7/16/2013,0.0862
7/17/2013,0.0913
7/18/2013,0.0964
7/19/2013,0.0964
7/22/2013,0.0913
7/23/2013,0.0964
7/24/2013,0.1167
7/25/2013,0.1116
7/26/2013,0.1015
7/29/2013,0.1065
7/30/2013,0.1065
7/31/2013,0.1015
8/1/2013,0.1116
8/2/2013,0.1015
8/5/2013,0.1015
8/6/2013,0.1065
8/7/2013,0.1015
8/8/2013,0.1015
8/9/2013,0.1015
8/12/2013,0.1015
8/13/2013,0.1065
8/14/2013,0.1065
8/15/2013,0.1065
8/16/2013,0.1116
8/19/2013,0.1116
8/20/2013,0.1167
8/21/2013,0.1319
8/22/2013,0.1269
8/23/2013,0.1269
8/26/2013,0.1218
8/27/2013,0.1218
8/28/2013,0.1167
8/29/2013,0.1167
8/30/2013,0.1116
9/3/2013,0.1167
9/4/2013,0.1319
9/5/2013,0.1421
9/6/2013,0.1218
9/9/2013,0.1065
9/10/2013,0.1116
9/11/2013,0.1065
9/12/2013,0.1015
9/13/2013,0.1065
9/16/2013,0.1015
9/17/2013,0.1015
9/18/2013,0.1065
9/19/2013,0.1015
9/20/2013,0.1015
9/23/2013,0.0964
9/24/2013,0.0964
9/25/2013,0.0964
9/26/2013,0.0913
9/27/2013,0.0862
9/30/2013,0.0862
10/1/2013,0.0913
10/2/2013,0.0862
10/3/2013,0.0913
10/4/2013,0.0964
10/7/2013,0.1015
10/8/2013,0.1319
10/9/2013,0.137
10/10/2013,0.1268
10/11/2013,0.1268
10/15/2013,0.1472
10/16/2013,0.1218
10/17/2013,0.1218
10/18/2013,0.1116
10/21/2013,0.1065
10/22/2013,0.0964
10/23/2013,0.0964
10/24/2013,0.1015
10/25/2013,0.0964
10/28/2013,0.0964
10/29/2013,0.0964
10/30/2013,0.0913
10/31/2013,0.0913
11/1/2013,0.0862
11/4/2013,0.0913
11/5/2013,0.1015
11/6/2013,0.0913
11/7/2013,0.0913
11/8/2013,0.1015
11/12/2013,0.1065
11/13/2013,0.0964
11/14/2013,0.1218
11/15/2013,0.1218
11/18/2013,0.1269
11/19/2013,0.1269
11/20/2013,0.1116
11/21/2013,0.1116
11/22/2013,0.1167
11/25/2013,0.1167
11/26/2013,0.1167
11/27/2013,0.1116
11/29/2013,0.1167
12/2/2013,0.1116
12/3/2013,0.1167
12/4/2013,0.1218
12/5/2013,0.1167
12/6/2013,0.1218
12/9/2013,0.1116
12/10/2013,0.1065
12/11/2013,0.1319
12/12/2013,0.1319
12/13/2013,0.1319
12/16/2013,0.1319
12/17/2013,0.1269
12/18/2013,0.1269
12/19/2013,0.1269
12/20/2013,0.1269
12/23/2013,0.1218
12/24/2013,0.1218
12/26/2013,0.1167
12/27/2013,0.1116
12/30/2013,0.1116
12/31/2013,0.1116
1/2/2014,0.1065
1/3/2014,0.1116
1/6/2014,0.1065
1/7/2014,0.1015
1/8/2014,0.1218
1/9/2014,0.1218
1/10/2014,0.1116
1/13/2014,0.1065
1/14/2014,0.1065
1/15/2014,0.1015
1/16/2014,0.1015
1/17/2014,0.1015
1/21/2014,0.1015
1/22/2014,0.1015
1/23/2014,0.0964
1/24/2014,0.1015
1/27/2014,0.1015
1/28/2014,0.0964
1/29/2014,0.0913
1/30/2014,0.0812
1/31/2014,0.0812
2/3/2014,0.0812
2/4/2014,0.1015
2/5/2014,0.1167
2/6/2014,0.1167
2/7/2014,0.1116
2/10/2014,0.1116
2/11/2014,0.1167
2/12/2014,0.1116
2/13/2014,0.1065
2/14/2014,0.0964
2/18/2014,0.0964
2/19/2014,0.1015
2/20/2014,0.1065
2/21/2014,0.1015
2/24/2014,0.0964
2/25/2014,0.0964
2/26/2014,0.0964
2/27/2014,0.0964
2/28/2014,0.1015
3/3/2014,0.1015
3/4/2014,0.1065
3/5/2014,0.1167
3/6/2014,0.1218
3/7/2014,0.1218
3/10/2014,0.1218
3/11/2014,0.1218
3/12/2014,0.1167
3/13/2014,0.1167
3/14/2014,0.1167
3/17/2014,0.1167
3/18/2014,0.1167
3/19/2014,0.1319
3/20/2014,0.1269
3/21/2014,0.1218
3/24/2014,0.1218
3/25/2014,0.1167
3/26/2014,0.1116
3/27/2014,0.1116
3/28/2014,0.1116
3/31/2014,0.1116
4/1/2014,0.1116
4/2/2014,0.1167
4/3/2014,0.1065
4/4/2014,0.1015
4/7/2014,0.0964
4/8/2014,0.0964
4/9/2014,0.0913
4/10/2014,0.0862
4/11/2014,0.0913
4/14/2014,0.0913
4/15/2014,0.0862
4/16/2014,0.0862
4/17/2014,0.0913
4/21/2014,0.0913
4/22/2014,0.0913
4/23/2014,0.0913
4/24/2014,0.0913
4/25/2014,0.0862
4/28/2014,0.0862
4/29/2014,0.0862
4/30/2014,0.1015
5/1/2014,0.0964
5/2/2014,0.0964
5/5/2014,0.0964
5/6/2014,0.0964
5/7/2014,0.0964
5/8/2014,0.0862
5/9/2014,0.0913
5/12/2014,0.0913
5/13/2014,0.0862
5/14/2014,0.0812
5/15/2014,0.0761
5/16/2014,0.0761
5/19/2014,0.0761
5/20/2014,0.0761
5/21/2014,0.0761
5/22/2014,0.0761
5/23/2014,0.0761
5/27/2014,0.0761
5/28/2014,0.071
5/29/2014,0.0913
5/30/2014,0.0913
6/2/2014,0.0964
6/3/2014,0.0964
6/4/2014,0.0913
6/5/2014,0.0913
6/6/2014,0.0862
6/9/2014,0.0913
6/10/2014,0.0964
6/11/2014,0.0913
6/12/2014,0.0913
6/13/2014,0.0964
6/16/2014,0.0964
6/17/2014,0.0913
6/18/2014,0.0812
6/19/2014,0.0812
6/20/2014,0.0761
6/23/2014,0.0761
6/24/2014,0.0761
6/25/2014,0.1015
6/26/2014,0.0964
6/27/2014,0.0964
6/30/2014,0.0964
7/1/2014,0.1015
7/2/2014,0.1015
7/3/2014,0.0964
7/7/2014,0.0964
7/8/2014,0.0862
7/9/2014,0.0913
7/10/2014,0.0862
7/11/2014,0.0862
7/14/2014,0.0862
7/15/2014,0.0913
7/16/2014,0.0862
7/17/2014,0.0761
7/18/2014,0.0812
7/21/2014,0.0812
7/22/2014,0.0812
7/23/2014,0.1015
7/24/2014,0.1015
7/25/2014,0.1015
7/28/2014,0.1015
7/29/2014,0.1015
7/30/2014,0.1065
7/31/2014,0.1116
8/1/2014,0.1015
8/4/2014,0.0964
8/5/2014,0.1015
8/6/2014,0.0913
8/7/2014,0.0862
8/8/2014,0.0862
8/11/2014,0.0862
8/12/2014,0.0913
8/13/2014,0.0761
8/14/2014,0.0761
8/15/2014,0.0761
8/18/2014,0.0812
8/19/2014,0.0761
8/20/2014,0.1116
8/21/2014,0.1015
8/22/2014,0.0964
8/25/2014,0.0964
8/26/2014,0.0964
8/27/2014,0.0913
8/28/2014,0.0913
8/29/2014,0.0812
9/2/2014,0.0862
9/3/2014,0.0862
9/4/2014,0.0862
9/5/2014,0.0862
9/8/2014,0.0862
9/9/2014,0.0913
9/10/2014,0.0913
9/11/2014,0.0913
9/12/2014,0.0812
9/15/2014,0.0862
9/16/2014,0.0913
9/17/2014,0.1218
9/18/2014,0.1167
9/19/2014,0.1065
9/22/2014,0.0964
9/23/2014,0.0913
9/24/2014,0.0913
9/25/2014,0.0913
9/26/2014,0.0913
9/29/2014,0.0964
9/30/2014,0.0964
10/1/2014,0.0862
10/2/2014,0.0913
10/3/2014,0.0913
10/6/2014,0.0862
10/7/2014,0.0862
10/8/2014,0.0812
10/9/2014,0.0812
10/10/2014,0.0761
10/14/2014,0.0659
10/15/2014,0.0659
10/16/2014,0.0964
10/17/2014,0.0964
10/20/2014,0.0913
10/21/2014,0.0964
10/22/2014,0.0913
10/23/2014,0.0964
10/24/2014,0.0913
10/27/2014,0.0964
10/28/2014,0.0964
10/29/2014,0.1015
10/30/2014,0.1015
10/31/2014,0.0913
11/3/2014,0.0913
11/4/2014,0.0913
11/5/2014,0.0913
11/6/2014,0.0964
11/7/2014,0.0964
11/10/2014,0.0964
11/12/2014,0.1065
11/13/2014,0.1421
11/14/2014,0.1421
11/17/2014,0.137
11/18/2014,0.1269
11/19/2014,0.1269
11/20/2014,0.1218
11/21/2014,0.1218
11/24/2014,0.1167
11/25/2014,0.1218
11/26/2014,0.1218
11/28/2014,0.1167
12/1/2014,0.1167
12/2/2014,0.1167
12/3/2014,0.1167
12/4/2014,0.1218
12/5/2014,0.137
12/8/2014,0.1421
12/9/2014,0.1573
12/10/2014,0.2031
12/11/2014,0.2031
12/12/2014,0.1878
12/15/2014,0.1929
12/16/2014,0.198
12/17/2014,0.2183
12/18/2014,0.2387
12/19/2014,0.2438
12/22/2014,0.2489
12/23/2014,0.2438
12/24/2014,0.2387
12/26/2014,0.2285
12/29/2014,0.2132
12/30/2014,0.1929
12/31/2014,0.2132
1/2/2015,0.2183
1/5/2015,0.2132
1/6/2015,0.2031
1/7/2015,0.2438
1/8/2015,0.2285
1/9/2015,0.1929
1/12/2015,0.1827
1/13/2015,0.1827
1/14/2015,0.1624
1/15/2015,0.1472
1/16/2015,0.1573
1/20/2015,0.1573
1/21/2015,0.1573
1/22/2015,0.1573
1/23/2015,0.1472
1/26/2015,0.1522
1/27/2015,0.1472
1/28/2015,0.1472
1/29/2015,0.1472
1/30/2015,0.137
2/2/2015,0.1421
2/3/2015,0.1675
2/4/2015,0.1929
2/5/2015,0.1929
2/6/2015,0.2438
2/9/2015,0.2336
2/10/2015,0.2285
2/11/2015,0.2285
2/12/2015,0.2234
2/13/2015,0.2183
2/17/2015,0.2183
2/18/2015,0.198
2/19/2015,0.2082
2/20/2015,0.2082
2/23/2015,0.2031
2/24/2015,0.1827
2/25/2015,0.1827
2/26/2015,0.198
2/27/2015,0.1878
3/2/2015,0.1929
3/3/2015,0.2132
3/4/2015,0.2393
3/5/2015,0.2291
3/6/2015,0.2597
3/9/2015,0.2393
3/10/2015,0.2291
3/11/2015,0.2342
3/12/2015,0.2342
3/13/2015,0.2342
3/16/2015,0.2393
3/17/2015,0.2546
3/18/2015,0.1934
3/19/2015,0.2393
3/20/2015,0.2138
3/23/2015,0.2138
3/24/2015,0.2138
3/25/2015,0.2342
3/26/2015,0.2546
3/27/2015,0.2393
3/30/2015,0.2444
3/31/2015,0.2291
4/1/2015,0.2342
4/2/2015,0.2342
4/6/2015,0.1985
4/7/2015,0.2087
4/8/2015,0.2138
4/9/2015,0.2189
4/10/2015,0.2189
4/13/2015,0.2138
4/14/2015,0.2087
4/15/2015,0.1934
4/16/2015,0.1985
4/17/2015,0.2036
4/20/2015,0.2087
4/21/2015,0.2036
4/22/2015,0.2138
4/23/2015,0.2087
4/24/2015,0.2087
4/27/2015,0.2138
4/28/2015,0.2138
4/29/2015,0.224
4/30/2015,0.224
5/1/2015,0.2291
5/4/2015,0.224
5/5/2015,0.2291
5/6/2015,0.2393
5/7/2015,0.2342
5/8/2015,0.2189
5/11/2015,0.2291
5/12/2015,0.224
5/13/2015,0.2138
5/14/2015,0.1985
5/15/2015,0.1934
5/18/2015,0.1985
5/19/2015,0.2036
5/20/2015,0.1934
5/21/2015,0.1883
5/22/2015,0.2036
5/26/2015,0.2189
5/27/2015,0.224
5/28/2015,0.2495
5/29/2015,0.2444
6/1/2015,0.2444
6/2/2015,0.2444
6/3/2015,0.2495
6/4/2015,0.2495
6/5/2015,0.2597
6/8/2015,0.2495
6/9/2015,0.2495
6/10/2015,0.2546
6/11/2015,0.2546
6/12/2015,0.2546
6/15/2015,0.2495
6/16/2015,0.2495
6/17/2015,0.2342
6/18/2015,0.2189
6/19/2015,0.2189
6/22/2015,0.2291
6/23/2015,0.2495
6/24/2015,0.2853
6/25/2015,0.2802
6/26/2015,0.2802
6/29/2015,0.2597
6/30/2015,0.2648
7/1/2015,0.2699
7/2/2015,0.2444
7/6/2015,0.2342
7/7/2015,0.2291
7/8/2015,0.2189
7/9/2015,0.224
7/10/2015,0.2444
7/13/2015,0.2495
7/14/2015,0.2444
7/15/2015,0.2393
7/16/2015,0.2495
7/17/2015,0.2546
7/20/2015,0.2801
7/21/2015,0.2852
7/22/2015,0.3312
7/23/2015,0.321
7/24/2015,0.3159
7/27/2015,0.3057
7/28/2015,0.3159
7/29/2015,0.3159
7/30/2015,0.3414
7/31/2015,0.3108
8/3/2015,0.3159
8/4/2015,0.3567
8/5/2015,0.3619
8/6/2015,0.3363
8/7/2015,0.3567
8/10/2015,0.367
8/11/2015,0.3516
8/12/2015,0.3516
8/13/2015,0.3721
8/14/2015,0.3772
8/17/2015,0.372
8/18/2015,0.372
8/19/2015,0.3823
8/20/2015,0.3721
8/21/2015,0.3517
8/24/2015,0.3159
8/25/2015,0.3261
8/26/2015,0.3414
8/27/2015,0.3465
8/28/2015,0.367
8/31/2015,0.3772
9/1/2015,0.3619
9/2/2015,0.3414
9/3/2015,0.3363
9/4/2015,0.3465
9/8/2015,0.3618
9/9/2015,0.3618
9/10/2015,0.3669
9/11/2015,0.3618
9/14/2015,0.372
9/15/2015,0.4487
9/16/2015,0.4642
9/17/2015,0.3517
9/18/2015,0.3414
9/21/2015,0.3465
9/22/2015,0.3363
9/23/2015,0.3261
9/24/2015,0.3159
9/25/2015,0.321
9/28/2015,0.3159
9/29/2015,0.321
9/30/2015,0.3108
10/1/2015,0.2904
10/2/2015,0.2291
10/5/2015,0.2342
10/6/2015,0.2291
10/7/2015,0.2393
10/8/2015,0.2342
10/9/2015,0.2444
10/13/2015,0.2291
10/14/2015,0.2087
10/15/2015,0.2087
10/16/2015,0.2087
10/19/2015,0.2138
10/20/2015,0.2189
10/21/2015,0.2189
10/22/2015,0.2138
10/23/2015,0.2342
10/26/2015,0.2444
10/27/2015,0.275
10/28/2015,0.3108
10/29/2015,0.3057
10/30/2015,0.321
11/2/2015,0.3414
11/3/2015,0.3516
11/4/2015,0.3721
11/5/2015,0.3874
11/6/2015,0.4334
11/9/2015,0.4334
11/10/2015,0.4385
11/12/2015,0.5051
11/13/2015,0.4795
11/16/2015,0.4744
11/17/2015,0.4846
11/18/2015,0.4744
11/19/2015,0.4642
11/20/2015,0.4744
11/23/2015,0.4744
11/24/2015,0.4795
11/25/2015,0.4795
11/27/2015,0.4743
11/30/2015,0.4795
12/1/2015,0.4743
12/2/2015,0.4948
12/3/2015,0.5409
12/4/2015,0.5665
12/7/2015,0.6434
12/8/2015,0.6844
12/9/2015,0.6949
12/10/2015,0.6898
12/11/2015,0.6538
12/14/2015,0.6692
12/15/2015,0.6743
12/16/2015,0.6846
12/17/2015,0.6692
12/18/2015,0.6486
12/21/2015,0.6332
12/22/2015,0.6281
12/23/2015,0.6178
12/24/2015,0.6178
12/28/2015,0.628
12/29/2015,0.6383
12/30/2015,0.5973
12/31/2015,0.5972
1/4/2016,0.5767
1/5/2016,0.5562
1/6/2016,0.659
1/7/2016,0.6384
1/8/2016,0.6179
1/11/2016,0.6128
1/12/2016,0.6127
1/13/2016,0.5922
1/14/2016,0.5307
1/15/2016,0.4641
1/19/2016,0.459
1/20/2016,0.4181
1/21/2016,0.4385
1/22/2016,0.459
1/25/2016,0.4385
1/26/2016,0.4539
1/27/2016,0.4436
1/28/2016,0.4487
1/29/2016,0.4487
2/1/2016,0.4641
2/2/2016,0.4538
2/3/2016,0.5359
2/4/2016,0.5154
2/5/2016,0.5307
2/8/2016,0.5051
2/9/2016,0.5051
2/10/2016,0.5051
2/11/2016,0.4642
2/12/2016,0.4846
2/16/2016,0.4897
2/17/2016,0.5102
2/18/2016,0.5051
2/19/2016,0.5102
2/22/2016,0.5255
2/23/2016,0.5255
2/24/2016,0.5358
2/25/2016,0.5306
2/26/2016,0.5665
2/29/2016,0.5972
3/1/2016,0.6331
3/2/2016,0.6521
3/3/2016,0.6469
3/4/2016,0.652
3/7/2016,0.6674
3/8/2016,0.652
3/9/2016,0.6571
3/10/2016,0.6622
3/11/2016,0.6878
3/14/2016,0.6878
3/15/2016,0.6929
3/16/2016,0.6264
3/17/2016,0.6315
3/18/2016,0.6059
3/21/2016,0.611
3/22/2016,0.611
3/23/2016,0.6058
3/24/2016,0.6058
3/28/2016,0.616
3/29/2016,0.5802
3/30/2016,0.6047
3/31/2016,0.5804
4/1/2016,0.5957
4/4/2016,0.5804
4/5/2016,0.5497
4/6/2016,0.5446
4/7/2016,0.5139
4/8/2016,0.5139
4/11/2016,0.5088
4/12/2016,0.5241
4/13/2016,0.5241
4/14/2016,0.5292
4/15/2016,0.5088
4/18/2016,0.5037
4/19/2016,0.5037
4/20/2016,0.4986
4/21/2016,0.5241
4/22/2016,0.5292
4/25/2016,0.5343
4/26/2016,0.5445
4/27/2016,0.5702
4/28/2016,0.5549
4/29/2016,0.5497
5/2/2016,0.5446
5/3/2016,0.5242
5/4/2016,0.5037
5/5/2016,0.5037
5/6/2016,0.5037
5/9/2016,0.4884
5/10/2016,0.4986
5/11/2016,0.5037
5/12/2016,0.519
5/13/2016,0.5241
5/16/2016,0.5343
5/17/2016,0.5598
5/18/2016,0.6058
5/19/2016,0.6161
5/20/2016,0.6263
5/23/2016,0.6467
5/24/2016,0.6365
5/25/2016,0.6725
5/26/2016,0.6469
5/27/2016,0.6827
5/31/2016,0.6725
6/1/2016,0.6725
6/2/2016,0.6622
6/3/2016,0.5804
6/6/2016,0.5855
6/7/2016,0.5752
6/8/2016,0.5701
6/9/2016,0.565
6/10/2016,0.5394
6/13/2016,0.5292
6/14/2016,0.5343
6/15/2016,0.4986
6/16/2016,0.4934
6/17/2016,0.4934
6/20/2016,0.5292
6/21/2016,0.5292
6/22/2016,0.5446
6/23/2016,0.5753
6/24/2016,0.468
6/27/2016,0.4425
6/28/2016,0.4374
6/29/2016,0.4527
6/30/2016,0.4323
7/1/2016,0.4425
7/5/2016,0.4271
7/6/2016,0.4373
7/7/2016,0.4475
7/8/2016,0.4577
7/11/2016,0.4935
7/12/2016,0.4935
7/13/2016,0.4934
7/14/2016,0.5088
7/15/2016,0.4883
7/18/2016,0.5036
7/19/2016,0.4985
7/20/2016,0.5498
7/21/2016,0.5242
7/22/2016,0.5293
7/25/2016,0.5395
7/26/2016,0.5446
7/27/2016,0.5242
7/28/2016,0.5088
7/29/2016,0.4884
8/1/2016,0.4884
8/2/2016,0.4884
8/3/2016,0.4986
8/4/2016,0.4935
8/5/2016,0.5394
8/8/2016,0.5496
8/9/2016,0.5394
8/10/2016,0.5241
8/11/2016,0.5394
8/12/2016,0.5343
8/15/2016,0.5394
8/16/2016,0.5394
8/17/2016,0.5753
8/18/2016,0.5651
8/19/2016,0.5804
8/22/2016,0.5804
8/23/2016,0.5804
8/24/2016,0.5753
8/25/2016,0.5753
8/26/2016,0.6008
8/29/2016,0.5957
8/30/2016,0.5906
8/31/2016,0.5906
9/1/2016,0.5854
9/2/2016,0.5803
9/6/2016,0.5496
9/7/2016,0.5496
9/8/2016,0.5649
9/9/2016,0.5598
9/12/2016,0.5547
9/13/2016,0.57
9/14/2016,0.6111
9/15/2016,0.5958
9/16/2016,0.6009
9/19/2016,0.606
9/20/2016,0.606
9/21/2016,0.6008
9/22/2016,0.5804
9/23/2016,0.5752
9/26/2016,0.5701
9/27/2016,0.5701
9/28/2016,0.5803
9/29/2016,0.5701
9/30/2016,0.5854
10/3/2016,0.6059
10/4/2016,0.6263
10/5/2016,0.6263
10/6/2016,0.6314
10/7/2016,0.6314
10/11/2016,0.6416
10/12/2016,0.6777
10/13/2016,0.652
10/14/2016,0.6571
10/17/2016,0.6418
10/18/2016,0.6418
10/19/2016,0.6315
10/20/2016,0.6469
10/21/2016,0.6417
10/24/2016,0.6468
10/25/2016,0.6519
10/26/2016,0.6468
10/27/2016,0.6519
10/28/2016,0.6417
10/31/2016,0.6417
11/1/2016,0.6365
11/2/2016,0.6263
11/3/2016,0.6212
11/4/2016,0.6007
11/7/2016,0.6109
11/8/2016,0.6416
11/9/2016,0.7084
11/10/2016,0.7186
11/14/2016,0.7647
11/15/2016,0.7544
11/16/2016,0.7391
11/17/2016,0.7595
11/18/2016,0.7544
11/21/2016,0.7595
11/22/2016,0.7595
11/23/2016,0.7697
11/25/2016,0.7799
11/28/2016,0.7697
11/29/2016,0.7645
11/30/2016,0.7748
12/1/2016,0.7799
12/2/2016,0.7696
12/5/2016,0.7901
12/6/2016,0.785
12/7/2016,0.8315
12/8/2016,0.8366
12/9/2016,0.8468
12/12/2016,0.8468
12/13/2016,0.8673
12/14/2016,0.9084
12/15/2016,0.8878
12/16/2016,0.8826
12/19/2016,0.8775
12/20/2016,0.8775
12/21/2016,0.8569
12/22/2016,0.8518
12/23/2016,0.8517
12/27/2016,0.8568
12/28/2016,0.8517
12/29/2016,0.8158
12/30/2016,0.8106
1/3/2017,0.826
1/4/2017,0.8623
1/5/2017,0.8212
1/6/2017,0.8314
1/9/2017,0.8057
1/10/2017,0.8006
1/11/2017,0.8057
1/12/2017,0.7954
1/13/2017,0.7954
1/17/2017,0.78
1/18/2017,0.8056
1/19/2017,0.8005
1/20/2017,0.7902
1/23/2017,0.7645
1/24/2017,0.7799
1/25/2017,0.785
1/26/2017,0.785
1/27/2017,0.785
1/30/2017,0.7747
1/31/2017,0.7593
2/1/2017,0.8212
2/2/2017,0.8109
2/3/2017,0.8006
2/6/2017,0.7801
2/7/2017,0.7801
2/8/2017,0.7749
2/9/2017,0.7852
2/10/2017,0.7903
2/13/2017,0.8005
2/14/2017,0.821
2/15/2017,0.8261
2/16/2017,0.7954
2/17/2017,0.7953
2/21/2017,0.7953
2/22/2017,0.7953
2/23/2017,0.7799
2/24/2017,0.7747
2/27/2017,0.7747
2/28/2017,0.8208
3/1/2017,0.9136
3/2/2017,0.9599
3/3/2017,0.9598
3/6/2017,0.965
3/7/2017,0.9958
3/8/2017,1.0163
3/9/2017,1.0318
3/10/2017,1.0266
3/13/2017,1.0471
3/14/2017,1.0368
3/15/2017,1.0008
3/16/2017,0.9853
3/17/2017,0.9801
3/20/2017,0.9801
3/21/2017,0.9698
3/22/2017,0.9647
3/23/2017,0.9595
3/24/2017,0.9646
3/27/2017,0.9748
3/28/2017,1.0108
3/29/2017,1.0319
3/30/2017,1.0216
3/31/2017,1.0164
4/3/2017,1.0061
4/4/2017,1.0215
4/5/2017,1.0163
4/6/2017,1.0266
4/7/2017,1.0574
4/10/2017,1.0523
4/11/2017,1.0368
4/12/2017,1.0162
4/13/2017,1.011
4/17/2017,1.0161
4/18/2017,1.0007
4/19/2017,1.0006
4/20/2017,0.9903
4/21/2017,0.9749
4/24/2017,1.0057
4/25/2017,1.0262
4/26/2017,1.0628
4/27/2017,1.0525
4/28/2017,1.0576
5/1/2017,1.073
5/2/2017,1.0678
5/3/2017,1.0833
5/4/2017,1.0935
5/5/2017,1.0935
5/8/2017,1.1089
5/9/2017,1.1192
5/10/2017,1.1192
5/11/2017,1.1191
5/12/2017,1.1036
5/15/2017,1.1036
5/16/2017,1.0984
5/17/2017,1.0726
5/18/2017,1.0726
5/19/2017,1.088
5/22/2017,1.0983
5/23/2017,1.124
5/24/2017,1.1504
5/25/2017,1.1504
5/26/2017,1.1452
5/30/2017,1.1451
5/31/2017,1.1503
6/1/2017,1.1451
6/2/2017,1.1502
6/5/2017,1.1553
6/6/2017,1.1449
6/7/2017,1.1655
6/8/2017,1.1707
6/9/2017,1.186
6/12/2017,1.1963
6/13/2017,1.2015
6/14/2017,1.186
6/15/2017,1.1962
6/16/2017,1.1859
6/19/2017,1.2013
6/20/2017,1.2064
6/21/2017,1.2124
6/22/2017,1.2072
6/23/2017,1.2019
6/26/2017,1.1967
6/27/2017,1.207
6/28/2017,1.2018
6/29/2017,1.2173
6/30/2017,1.2275
7/3/2017,1.2429
7/5/2017,1.2274
7/6/2017,1.2171
7/7/2017,1.2067
7/10/2017,1.2066
7/11/2017,1.1963
7/12/2017,1.1911
7/13/2017,1.2014
7/14/2017,1.1962
7/17/2017,1.1961
7/18/2017,1.191
7/19/2017,1.2175
7/20/2017,1.2072
7/21/2017,1.2071
7/24/2017,1.2174
7/25/2017,1.2277
7/26/2017,1.2173
7/27/2017,1.2173
7/28/2017,1.2069
7/31/2017,1.212
8/1/2017,1.2068
8/2/2017,1.2119
8/3/2017,1.2106
8/4/2017,1.2183
8/7/2017,1.2208
8/8/2017,1.2221
8/9/2017,1.2027
8/10/2017,1.2014
8/11/2017,1.1949
8/14/2017,1.2052
8/15/2017,1.227
8/16/2017,1.2382
8/17/2017,1.2227
8/18/2017,1.2226
8/21/2017,1.2148
8/22/2017,1.2277
8/23/2017,1.2173
8/24/2017,1.2289
8/25/2017,1.2249
8/28/2017,1.2288
8/29/2017,1.2158
8/30/2017,1.2184
8/31/2017,1.2171
9/1/2017,1.2221
9/5/2017,1.2092
9/6/2017,1.2272
9/7/2017,1.2001
9/8/2017,1.1975
9/11/2017,1.2245
9/12/2017,1.2206
9/13/2017,1.264
9/14/2017,1.2769
9/15/2017,1.2897
9/18/2017,1.2948
9/19/2017,1.2922
9/20/2017,1.2948
9/21/2017,1.2999
9/22/2017,1.2946
9/25/2017,1.2843
9/26/2017,1.292
9/27/2017,1.3023
9/28/2017,1.2868
9/29/2017,1.2892
10/2/2017,1.2866
10/3/2017,1.2866
10/4/2017,1.3098
10/5/2017,1.333
10/6/2017,1.3329
10/10/2017,1.3586
10/11/2017,1.3985
10/12/2017,1.3958
10/13/2017,1.3879
10/16/2017,1.4034
10/17/2017,1.3982
10/18/2017,1.4059
10/19/2017,1.3955
10/20/2017,1.4135
10/23/2017,1.4031
10/24/2017,1.4135
10/25/2017,1.4134
10/26/2017,1.4185
10/27/2017,1.4055
10/30/2017,1.408
10/31/2017,1.4209
11/1/2017,1.4312
11/2/2017,1.4338
11/3/2017,1.4569
11/6/2017,1.4776
11/7/2017,1.4879
11/8/2017,1.5202
11/9/2017,1.515
11/10/2017,1.5278
11/13/2017,1.5381
11/14/2017,1.5458
11/15/2017,1.538
11/16/2017,1.5691
11/17/2017,1.5793
11/20/2017,1.5922
11/21/2017,1.6025
11/22/2017,1.5843
11/24/2017,1.5893
11/27/2017,1.5945
11/28/2017,1.5918
11/29/2017,1.597
11/30/2017,1.6073
12/1/2017,1.6071
12/4/2017,1.6408
12/5/2017,1.6563
12/6/2017,1.663
12/7/2017,1.6655
12/8/2017,1.6549
12/11/2017,1.6705
12/12/2017,1.6808
12/13/2017,1.6626
12/14/2017,1.6755
12/15/2017,1.6831
12/18/2017,1.6883
12/19/2017,1.696
12/20/2017,1.7063
12/21/2017,1.7063
12/22/2017,1.7138
12/26/2017,1.7164
12/27/2017,1.7137
12/28/2017,1.7318
12/29/2017,1.7316
1/2/2018,1.7809
1/3/2018,1.8034
1/4/2018,1.8007
1/5/2018,1.7927
1/8/2018,1.7797
1/9/2018,1.777
1/10/2018,1.7665
1/11/2018,1.7639
1/12/2018,1.7714
1/16/2018,1.7739
1/17/2018,1.7739
1/18/2018,1.7608
1/19/2018,1.7736
1/22/2018,1.771
1/23/2018,1.7553
1/24/2018,1.7631
1/25/2018,1.7682
1/26/2018,1.7758
1/29/2018,1.7731
1/30/2018,1.7757
1/31/2018,1.8816
2/1/2018,1.8815
2/2/2018,1.8656
2/5/2018,1.8317
2/6/2018,1.8551
2/7/2018,1.8889
2/8/2018,1.881
2/9/2018,1.8756
2/12/2018,1.9146
2/13/2018,1.9301
2/14/2018,1.9613
2/15/2018,1.9769
2/16/2018,1.9714
2/20/2018,1.9869
2/21/2018,2.0025
2/22/2018,1.9998
2/23/2018,1.997
2/26/2018,2.0047
2/27/2018,2.0046
2/28/2018,2.0564
3/1/2018,2.0328
3/2/2018,2.0378
3/5/2018,2.0456
3/6/2018,2.0481
3/7/2018,2.0376
3/8/2018,2.0323
3/9/2018,2.019
3/12/2018,2.0267
3/13/2018,2.0266
3/14/2018,2.0344
3/15/2018,2.0447
3/16/2018,2.0497
3/19/2018,2.06
3/20/2018,2.0574
3/21/2018,2.0364
3/22/2018,2.0259
3/23/2018,2.0126
3/26/2018,2.0282
3/27/2018,2.0281
3/28/2018,2.1061
3/29/2018,2.0822
4/2/2018,2.0717
4/3/2018,2.0768
4/4/2018,2.0585
4/5/2018,2.0662
4/6/2018,2.0451
4/9/2018,2.0554
4/10/2018,2.0606
4/11/2018,2.0579
4/12/2018,2.0865
4/13/2018,2.0915
4/16/2018,2.0992
4/17/2018,2.1278
4/18/2018,2.1513
4/19/2018,2.1773
4/20/2018,2.1901
4/23/2018,2.2057
4/24/2018,2.2082
4/25/2018,2.2475
4/26/2018,2.2291
4/27/2018,2.2288
4/30/2018,2.2339
5/1/2018,2.2443
5/2/2018,2.2337
5/3/2018,2.2231
5/4/2018,2.2307
5/7/2018,2.2332
5/8/2018,2.2383
5/9/2018,2.2461
5/10/2018,2.2486
5/11/2018,2.2483
5/14/2018,2.2586
5/15/2018,2.2742
5/16/2018,2.2768
5/17/2018,2.2871
5/18/2018,2.2894
5/21/2018,2.3129
5/22/2018,2.2945
5/23/2018,2.2806
5/24/2018,2.2605
5/25/2018,2.247
5/29/2018,2.1631
5/30/2018,2.2049
5/31/2018,2.2231
6/1/2018,2.2568
6/4/2018,2.2803
6/5/2018,2.2802
6/6/2018,2.2958
6/7/2018,2.2879
6/8/2018,2.2823
6/11/2018,2.2979
6/12/2018,2.3083
6/13/2018,2.316
6/14/2018,2.3081
6/15/2018,2.3025
6/18/2018,2.3181
6/19/2018,2.3102
6/20/2018,2.3445
6/21/2018,2.3208
6/22/2018,2.3205
6/25/2018,2.3204
6/26/2018,2.3203
6/27/2018,2.3123
6/28/2018,2.3069
6/29/2018,2.3119
7/2/2018,2.317
7/3/2018,2.3089
7/5/2018,2.3088
7/6/2018,2.3033
7/9/2018,2.3162
7/10/2018,2.3188
7/11/2018,2.3291
7/12/2018,2.3421
7/13/2018,2.3444
7/16/2018,2.36
7/17/2018,2.373
7/18/2018,2.3997
7/19/2018,2.3864
7/20/2018,2.3887
7/23/2018,2.3991
7/24/2018,2.3937
7/25/2018,2.3989
7/26/2018,2.404
7/27/2018,2.4036
7/30/2018,2.4062
7/31/2018,2.4087
8/1/2018,2.4243
8/2/2018,2.4137
8/3/2018,2.4081
8/6/2018,2.4132
8/7/2018,2.421
8/8/2018,2.4156
8/9/2018,2.4129
8/10/2018,2.3942
8/13/2018,2.4045
8/14/2018,2.4071
8/15/2018,2.4365
8/16/2018,2.439
8/17/2018,2.4281
8/20/2018,2.4175
8/21/2018,2.4252
8/22/2018,2.4172
8/23/2018,2.4224
8/24/2018,2.4246
8/27/2018,2.435
8/28/2018,2.4507
8/29/2018,2.4584
8/30/2018,2.4425
8/31/2018,2.4473
9/4/2018,2.4708
9/5/2018,2.4681
9/6/2018,2.4679
9/7/2018,2.5069
9/10/2018,2.5121
9/11/2018,2.5146
9/12/2018,2.5417
9/13/2018,2.5468
9/14/2018,2.5543
9/17/2018,2.5542
9/18/2018,2.5672
9/19/2018,2.5618
9/20/2018,2.5669
9/21/2018,2.5639
9/24/2018,2.569
9/25/2018,2.5742
9/26/2018,2.5661
9/27/2018,2.566
9/28/2018,2.563
10/1/2018,2.5734
10/2/2018,2.5706
10/3/2018,2.6046
10/4/2018,2.6098
10/5/2018,2.6066
10/9/2018,2.617
10/10/2018,2.6497
10/11/2018,2.6469
10/12/2018,2.6465
10/15/2018,2.6542
10/16/2018,2.6488
10/17/2018,2.6566
10/18/2018,2.6512
10/19/2018,2.6613
10/22/2018,2.6585
10/23/2018,2.6452
10/24/2018,2.6187
10/25/2018,2.637
10/26/2018,2.6103
10/29/2018,2.6312
10/30/2018,2.639
10/31/2018,2.6546
11/1/2018,2.6492
11/2/2018,2.6751
11/5/2018,2.6723
11/6/2018,2.6959
11/7/2018,2.7368
11/8/2018,2.734
11/9/2018,2.7254
11/13/2018,2.7174
11/14/2018,2.704
11/15/2018,2.6854
11/16/2018,2.6587
11/19/2018,2.6532
11/20/2018,2.6531
11/21/2018,2.6555
11/23/2018,2.655
11/26/2018,2.6681
11/27/2018,2.6758
11/28/2018,2.6704
11/29/2018,2.6729
11/30/2018,2.6777
12/3/2018,2.6986
12/4/2018,2.6931
12/5/2018,2.6931
12/6/2018,2.6944
12/7/2018,2.6755
12/10/2018,2.6806
12/11/2018,2.6936
12/12/2018,2.6909
12/13/2018,2.6775
12/14/2018,2.6666
12/17/2018,2.6453
12/18/2018,2.6241
12/19/2018,2.6187
12/20/2018,2.6291
12/21/2018,2.6182
12/24/2018,2.5811
12/26/2018,2.6046
12/27/2018,2.5782
12/28/2018,2.5778
12/31/2018,2.596
1/2/2019,2.5864
1/3/2019,2.4942
1/4/2019,2.5622
1/7/2019,2.5752
1/8/2019,2.6014
1/9/2019,2.575
1/10/2019,2.5854
1/11/2019,2.5665
1/14/2019,2.5664
1/15/2019,2.5584
1/16/2019,2.5582
1/17/2019,2.5607
1/18/2019,2.5786
1/22/2019,2.5864
1/23/2019,2.5784
1/24/2019,2.5703
1/25/2019,2.5831
1/28/2019,2.5908
1/29/2019,2.5828
1/30/2019,2.5706
1/31/2019,2.5442
2/1/2019,2.5569
2/4/2019,2.5568
2/5/2019,2.554
2/6/2019,2.5486
2/7/2019,2.5275
2/8/2019,2.5245
2/11/2019,2.5375
2/12/2019,2.5373
2/13/2019,2.5398
2/14/2019,2.5239
2/15/2019,2.5339
2/19/2019,2.5338
2/20/2019,2.5311
2/21/2019,2.5388
2/22/2019,2.5332
2/25/2019,2.5383
2/26/2019,2.5277
2/27/2019,2.5338
2/28/2019,2.5363
3/1/2019,2.5438
3/4/2019,2.5279
3/5/2019,2.533
3/6/2019,2.5302
3/7/2019,2.5196
3/8/2019,2.5192
3/11/2019,2.5243
3/12/2019,2.5137
3/13/2019,2.5162
3/14/2019,2.5134
3/15/2019,2.5104
3/18/2019,2.5077
3/19/2019,2.4944
3/20/2019,2.4628
3/21/2019,2.4732
3/22/2019,2.4414
3/25/2019,2.4098
3/26/2019,2.4202
3/27/2019,2.3878
3/28/2019,2.393
3/29/2019,2.3874
4/1/2019,2.4109
4/2/2019,2.395
4/3/2019,2.4054
4/4/2019,2.4001
4/5/2019,2.4155
4/8/2019,2.418
4/9/2019,2.4179
4/10/2019,2.4046
4/11/2019,2.4098
4/12/2019,2.4226
4/15/2019,2.4225
4/16/2019,2.4381
4/17/2019,2.4406
4/18/2019,2.4349
4/22/2019,2.4479
4/23/2019,2.4268
4/24/2019,2.4142
4/25/2019,2.4167
4/26/2019,2.4005
4/29/2019,2.403
4/30/2019,2.374
5/1/2019,2.3817
5/2/2019,2.4001
5/3/2019,2.3918
5/6/2019,2.3812
5/7/2019,2.3679
5/8/2019,2.3783
5/9/2019,2.3598
5/10/2019,2.3621
5/13/2019,2.3173
5/14/2019,2.3172
5/15/2019,2.304
5/16/2019,2.3249
5/17/2019,2.3246
5/20/2019,2.335
5/21/2019,2.3611
5/22/2019,2.3562
5/23/2019,2.3114
5/24/2019,2.3215
5/28/2019,2.3056
5/29/2019,2.3002
5/30/2019,2.2922
5/31/2019,2.2
6/3/2019,2.1134
6/4/2019,2.1186
6/5/2019,2.0399
6/6/2019,2.0346
6/7/2019,1.969
6/10/2019,2.0212
6/11/2019,2.0551
6/12/2019,2.0132
6/13/2019,1.9975
6/14/2019,2.0077
6/17/2019,2.0442
6/18/2019,2.0729
6/19/2019,1.9338
6/20/2019,1.9259
6/21/2019,1.9283
6/24/2019,1.9177
6/25/2019,1.9307
6/26/2019,1.962
6/27/2019,1.9384
6/28/2019,1.9251
7/1/2019,1.9303
7/2/2019,1.9145
7/3/2019,1.9118
7/5/2019,1.9664
7/8/2019,1.9951
7/9/2019,2.0107
7/10/2019,1.9322
7/11/2019,1.9583
7/12/2019,1.9554
7/15/2019,1.9553
7/16/2019,1.984
7/17/2019,1.9312
7/18/2019,1.8788
7/19/2019,1.9309
7/22/2019,1.9413
7/23/2019,1.9647
7/24/2019,1.9673
7/25/2019,1.9855
7/26/2019,1.9852
7/29/2019,1.9826
7/30/2019,1.9772
7/31/2019,1.985
8/1/2019,1.8987
8/2/2019,1.8411
8/5/2019,1.7784
8/6/2019,1.8018
8/7/2019,1.7679
8/8/2019,1.7756
8/9/2019,1.7859
8/12/2019,1.7572
8/13/2019,1.8535
8/14/2019,1.777
8/15/2019,1.7013
8/16/2019,1.7038
8/19/2019,1.7428
8/20/2019,1.7193
8/21/2019,1.7714
8/22/2019,1.7869
8/23/2019,1.7216
8/26/2019,1.745
8/27/2019,1.7475
8/28/2019,1.7344
8/29/2019,1.7526
8/30/2019,1.7628
9/3/2019,1.7315
9/4/2019,1.6846
9/5/2019,1.7444
9/6/2019,1.7364
9/9/2019,1.7598
9/10/2019,1.8092
9/11/2019,1.7849
9/12/2019,1.8187
9/13/2019,1.8655
9/16/2019,1.8576
9/17/2019,1.8367
9/18/2019,1.8549
9/19/2019,1.8757
9/20/2019,1.8181
9/23/2019,1.8023
9/24/2019,1.7814
9/25/2019,1.8048
9/26/2019,1.7709
9/27/2019,1.7524
9/30/2019,1.7446
10/1/2019,1.7028
10/2/2019,1.6637
10/3/2019,1.5857
10/4/2019,1.5803
10/7/2019,1.6401
10/8/2019,1.5958
10/9/2019,1.5842
10/10/2019,1.6206
10/11/2019,1.636
10/15/2019,1.6255
10/16/2019,1.5812
10/17/2019,1.576
10/18/2019,1.5654
10/21/2019,1.5758
10/22/2019,1.5731
10/23/2019,1.5757
10/24/2019,1.5808
10/25/2019,1.5859
10/28/2019,1.5936
10/29/2019,1.5754
10/30/2019,1.5468
10/31/2019,1.4948
11/1/2019,1.518
11/4/2019,1.5439
11/5/2019,1.5906
11/6/2019,1.5712
11/7/2019,1.5789
11/8/2019,1.5735
11/12/2019,1.5761
11/13/2019,1.5604
11/14/2019,1.5422
11/15/2019,1.5342
11/18/2019,1.5342
11/19/2019,1.5316
11/20/2019,1.5237
11/21/2019,1.5393
11/22/2019,1.5573
11/25/2019,1.5676
11/26/2019,1.578
11/27/2019,1.5831
11/29/2019,1.5855
12/2/2019,1.5777
12/3/2019,1.5465
12/4/2019,1.553
12/5/2019,1.5477
12/6/2019,1.545
12/9/2019,1.5449
12/10/2019,1.5501
12/11/2019,1.5318
12/12/2019,1.5474
12/13/2019,1.5161
12/16/2019,1.5108
12/17/2019,1.5134
12/18/2019,1.5133
12/19/2019,1.5081
12/20/2019,1.5105
12/23/2019,1.5261
12/24/2019,1.5156
12/26/2019,1.5156
12/27/2019,1.4921
12/30/2019,1.4842
12/31/2019,1.566
1/2/2020,1.5581
1/3/2020,1.5242
1/6/2020,1.5293
1/7/2020,1.5059
1/8/2020,1.5266
1/9/2020,1.524
1/10/2020,1.5187
1/13/2020,1.5186
1/14/2020,1.516
1/15/2020,1.5393
1/16/2020,1.5341
1/17/2020,1.5469
1/21/2020,1.5312
1/22/2020,1.5364
1/23/2020,1.5363
1/24/2020,1.5206
1/27/2020,1.5206
1/28/2020,1.5309
1/29/2020,1.488
1/30/2020,1.4671
1/31/2020,1.4229
2/3/2020,1.441
2/4/2020,1.4747
2/5/2020,1.4773
2/6/2020,1.4876
2/7/2020,1.4719
2/10/2020,1.4615
2/11/2020,1.4718
2/12/2020,1.4822
2/13/2020,1.4769
2/14/2020,1.469
2/18/2020,1.4585
2/19/2020,1.4663
2/20/2020,1.4507
2/21/2020,1.4194
2/24/2020,1.3417
2/25/2020,1.3184
2/26/2020,1.2519
2/27/2020,1.1432
2/28/2020,1.0089
3/2/2020,0.9186
3/3/2020,0.6974
3/4/2020,0.5974
3/5/2020,0.4795
3/6/2020,0.3823
3/9/2020,0.3108
3/10/2020,0.4053
3/11/2020,0.3542
3/12/2020,0.3542
3/13/2020,0.3184
3/16/2020,0.2368
3/17/2020,0.2546
3/18/2020,0.1654
3/19/2020,0.1119
3/20/2020,0.0839
3/23/2020,0.1119
3/24/2020,0.1832
3/25/2020,0.17
3/26/2020,0.1192
3/27/2020,0.0913
3/30/2020,0.1218
3/31/2020,0.1548
4/1/2020,0.1167
4/2/2020,0.1319
4/3/2020,0.1294
4/6/2020,0.1523
4/7/2020,0.1624
4/8/2020,0.198
4/9/2020,0.198
4/13/2020,0.2183
4/14/2020,0.2107
4/15/2020,0.1522
4/16/2020,0.1446
4/17/2020,0.1446
4/20/2020,0.1167
4/21/2020,0.1116
4/22/2020,0.1599
4/23/2020,0.1599
4/24/2020,0.1472
4/27/2020,0.165
4/28/2020,0.1396
4/29/2020,0.1396
4/30/2020,0.1421
5/1/2020,0.1599
5/4/2020,0.1421
5/5/2020,0.1294
5/6/2020,0.1421
5/7/2020,0.1294
5/8/2020,0.1269
5/11/2020,0.1446
5/12/2020,0.1395
5/13/2020,0.1294
5/14/2020,0.1345
5/15/2020,0.1395
5/18/2020,0.1497
5/19/2020,0.1421
5/20/2020,0.1523
5/21/2020,0.1523
5/22/2020,0.1497
5/26/2020,0.1624
5/27/2020,0.1751
5/28/2020,0.1624
5/29/2020,0.1573
6/1/2020,0.1599
6/2/2020,0.1548
6/3/2020,0.1624
6/4/2020,0.1573
6/5/2020,0.1599
6/8/2020,0.1751
6/9/2020,0.1726
6/10/2020,0.1751
6/11/2020,0.1802
6/12/2020,0.1751
6/15/2020,0.1649
6/16/2020,0.1776
6/17/2020,0.1777
6/18/2020,0.1777
6/19/2020,0.1675
6/22/2020,0.1675
6/23/2020,0.1726
6/24/2020,0.165
6/25/2020,0.165
6/26/2020,0.1523
6/29/2020,0.1472
6/30/2020,0.1497
7/1/2020,0.1472
7/2/2020,0.1446
7/6/2020,0.1522
7/7/2020,0.1421
7/8/2020,0.1446
7/9/2020,0.137
7/10/2020,0.137
7/13/2020,0.1472
7/14/2020,0.1472
7/15/2020,0.1421
7/16/2020,0.137
7/17/2020,0.137
7/20/2020,0.137
7/21/2020,0.137
7/22/2020,0.1345
7/23/2020,0.1345
7/24/2020,0.1319
7/27/2020,0.137
7/28/2020,0.1192
7/29/2020,0.1192
7/30/2020,0.1091
7/31/2020,0.1065
8/3/2020,0.1116
8/4/2020,0.1116
8/5/2020,0.1192
8/6/2020,0.1192
8/7/2020,0.1243
8/10/2020,0.1319
8/11/2020,0.1345
8/12/2020,0.1319
8/13/2020,0.1345
8/14/2020,0.1294
8/17/2020,0.1243
8/18/2020,0.1218
8/19/2020,0.1218
8/20/2020,0.1091
8/21/2020,0.1192
8/24/2020,0.1218
8/25/2020,0.1218
8/26/2020,0.1192
8/27/2020,0.1192
8/28/2020,0.1091
8/31/2020,0.1116
9/1/2020,0.1167
9/2/2020,0.1116
9/3/2020,0.1116
9/4/2020,0.1192
9/8/2020,0.1268
9/9/2020,0.1345
9/10/2020,0.1319
9/11/2020,0.1294
9/14/2020,0.1294
9/15/2020,0.1243
9/16/2020,0.1192
9/17/2020,0.1142
9/18/2020,0.1167
9/21/2020,0.1142
9/22/2020,0.1142
